id,domain,status,purchase_price,renewal_price,attractiveness,demand,length,registrar,created_at,expires_at,status_verified_at
7e7fb07f-8643-426d-9de6-c9dfabedb23f,bluegrass.cx,available,18.99,18.99,high,low,9,namesilo,,,02/10/2026 04:05
01d09dfa-24e2-46f8-aa9f-5fcd1800ca2e,carnot.cx,available,18.99,18.99,medium,low,6,namesilo,,,02/10/2026 04:17
1f78b526-35b5-4319-81e5-cd82f323c561,armour.cx,available,18.99,18.99,medium,low,6,namesilo,,,20/09/2026 07:22
9b826c42-84a2-4e81-9dee-0a05d5029ef9,personnel.cx,available,17.66,17.66,high,low,9,dynadot,,,27/09/2026 15:14
8e3fdf83-35b0-4972-8761-55aaf9ef084f,montfort.cx,available,18.99,18.99,medium,low,8,namesilo,,,30/09/2026 01:27
7e4d5334-30b0-4d8a-ba11-51cf9e3cef1c,strangely.cx,available,19.98,26.98,medium,low,9,namecheap,,,14/09/2026 20:38
40bdf09d-22c4-42ee-87a8-45ed304163c6,clubbish.cx,available,79.99,79.99,medium,low,8,name.com,,,12/08/2026 12:59
b4cd1ba0-955f-43a5-8cc6-cc400b49a697,agony.cx,available,18.99,18.99,medium,low,5,namesilo,,,11/09/2026 01:10
e81d3685-175b-416c-b4e9-b4e7544fd885,intrigue.cx,available,18.99,18.99,high,low,8,namesilo,,,30/09/2026 00:18
20a883f7-eed6-42eb-a41d-ed83b27987d6,mela.cx,available,19.98,26.98,high,low,4,namecheap,,,01/10/2026 22:20
c82990ea-089d-4c5c-8906-6816580c528d,literally.cx,available,18.99,18.99,medium,low,9,namesilo,,,28/09/2026 16:10
cece9a6c-5b1f-4a34-8af7-aa4f283ed228,alpaca.cx,available,18.99,18.99,high,low,6,namesilo,,,18/09/2026 13:31
897c305f-e728-4830-b658-1e1912f2f7bf,breaths.cx,available,18.99,18.99,medium,low,7,namesilo,,,02/10/2026 23:06
010d487c-63b3-47cf-abd1-d053641c2172,culturally.cx,available,18.99,18.99,high,low,10,namesilo,,,14/09/2026 09:57
53ea5c99-fd9b-4365-b153-b3ad462535a5,country.cx,available,19.98,26.98,high,low,7,namecheap,,,28/09/2026 22:01
0ef96b1d-8cce-456d-9d1f-8f87c8edcf85,amex.cx,available,18.99,18.99,high,high,4,namesilo,,,18/09/2026 20:44
de574bbc-5877-43b1-b665-fce865128787,fergusson.cx,available,18.99,18.99,medium,low,9,namesilo,,,02/10/2026 02:38
f4119de7-6c69-48c2-83e4-3213626b8121,paycheck.cx,available,18.99,18.99,high,low,8,namesilo,,,30/09/2026 10:49
58bfd112-ef18-41da-a269-90b7709368f4,puzzling.cx,available,18.99,18.99,high,low,8,namesilo,,,17/08/2026 09:15
66b9dc79-faa8-4643-950a-fe86f26215c5,albitic.cx,available,18.99,18.99,medium,low,7,namesilo,,,
56dc6cc3-1130-485b-bc5a-c2d64ebaac2e,pocketbook.cx,available,18.99,18.99,high,low,10,namesilo,,,23/09/2026 16:19
48ad58d5-e5de-4c89-ac9e-832685834c66,manned.cx,available,18.99,18.99,high,low,6,namesilo,,,24/08/2026 15:16
9d4a063a-5499-443a-8774-b9876638bd5b,assassination.cx,available,18.99,18.99,medium,low,13,namesilo,,,28/09/2026 11:16
9d142b1c-1000-492d-be85-a8c65038ab4a,fortune.cx,available,16.53,16.75,high,low,7,porkbun,,,29/09/2026 09:17
f5d3917f-08f3-487f-9eff-7358211546e7,adorably.cx,available,18.99,18.99,medium,low,8,namesilo,,,13/09/2026 17:21
c3daa06d-eb57-4a17-88f5-aa554b266f57,sourly.cx,available,18.99,18.99,low,low,6,namesilo,,,16/09/2026 05:40
0faf1716-3c82-4491-ace2-4d0b308b5451,committees.cx,available,18.99,18.99,medium,low,10,namesilo,,,20/09/2026 09:05
741eef4a-1fb3-446c-8c72-189aff64be1d,absent.cx,available,18.99,18.99,high,low,6,namesilo,,,21/09/2026 14:37
2c6c89aa-ad83-4c25-9d2b-c4a7528a2bb6,whack.cx,available,18.99,18.99,high,low,5,namesilo,,,01/10/2026 22:02
c5daa01e-9cec-43af-b8d6-a4ecd624ac57,tombstone.cx,available,19.98,26.98,medium,low,9,namecheap,,,29/09/2026 12:58
aeee25ec-f202-48a5-81d1-d1c8f456166a,bipedal.cx,available,18.99,18.99,high,low,7,namesilo,,,10/08/2026 05:09
b728b705-956c-466c-8473-b3055c88f392,thb.cx,available,18.99,18.99,high,low,3,namesilo,,,21/09/2026 14:19
73421bcb-3839-40de-895b-f205050f825e,heartbreak.cx,available,18.99,18.99,high,low,10,namesilo,,,30/09/2026 00:54
f5b15e6c-30a6-4520-bd46-6f68236dc2d9,unsugared.cx,available,18.99,18.99,low,low,9,namesilo,,,12/09/2026 20:48
ca20418d-88e3-4bb8-952a-abd90227b68f,veins.cx,available,18.99,18.99,medium,low,5,namesilo,,,28/09/2026 08:48
bdf140fa-5509-4246-9fbd-74d8f3ee9f50,renascent.cx,available,18.99,18.99,medium,low,9,namesilo,,,09/09/2026 13:55
7e7150e9-ed32-4048-8a0d-c235878cbe8c,slipper.cx,available,18.99,18.99,high,low,7,namesilo,,,01/10/2026 01:18
fc7ec068-1fa3-4339-8ba8-bce860933e77,mysterious.cx,available,18.99,18.99,high,low,10,namesilo,,,24/09/2026 03:42
caac9197-c2e5-4763-a087-8484d0ea1d0a,coded.cx,available,18.99,18.99,high,low,5,namesilo,,,30/09/2026 04:05
e2711fde-134f-49e2-830c-a9e027945663,septic.cx,available,18.99,18.99,high,low,6,namesilo,,,22/08/2026 04:07
9573bfdd-1650-49c9-a3cd-c4605e5a5541,mincing.cx,available,79.99,79.99,medium,low,7,name.com,,,13/08/2026 15:43
f1bdee60-264e-44a4-9df7-9e160e7fb978,awestruck.cx,available,18.99,18.99,medium,low,9,namesilo,,,08/08/2026 01:00
829d070f-890b-47d0-b11d-3f8879388a5f,farmhouse.cx,available,18.99,18.99,high,low,9,namesilo,,,29/09/2026 12:14
7deec48b-76ff-4148-a55d-3e5eefb46061,aquatic.cx,available,18.99,18.99,high,low,7,namesilo,,,06/08/2026 10:45
c4e13080-984e-452f-a3c2-e9a32de0e180,shining.cx,available,18.99,18.99,high,low,7,namesilo,,,23/09/2026 11:49
b7b9b8f9-e850-4429-8b34-db14010b8994,caption.cx,available,18.99,18.99,high,low,7,namesilo,,,24/09/2026 12:41
f493c1be-d0b4-48e8-837e-291c367584e7,gur.cx,available,18.99,18.99,medium,low,3,namesilo,,,13/09/2026 06:52
724c17b3-675a-46a6-b79e-253ac226f88b,committee.cx,available,18.99,18.99,high,low,9,namesilo,,,29/09/2026 09:31
1fe5a789-1b8f-4b34-a6c0-a2f3b3161447,ambassador.cx,available,18.99,18.99,high,low,10,namesilo,,,18/09/2026 16:26
4553898d-76c2-4fa8-ac33-10f93a303b6e,postmaster.cx,available,16.53,16.75,high,low,10,porkbun,,,01/10/2026 21:21
dc9f65fd-303f-47a8-b869-3159da8e321c,redberry.cx,available,18.99,18.99,medium,low,8,namesilo,,,17/09/2026 04:20
7c9279c6-30b8-40d2-8820-9aae13afdb5d,kike.cx,available,18.99,18.99,high,medium,4,namesilo,,,10/09/2026 06:15
f12c55cf-0c88-420c-a29e-a434bc4b039d,flavorless.cx,available,18.99,18.99,medium,low,10,namesilo,,,10/08/2026 12:57
6ef1c4ed-6cd9-459d-9864-4b43661a0bc1,radiantly.cx,available,18.99,18.99,medium,low,9,namesilo,,,15/09/2026 22:18
0901ddf7-86f4-4936-bb84-09ca573aa3d3,beelzebub.cx,available,18.99,18.99,medium,low,9,namesilo,,,23/09/2026 01:23
f35b9068-5e13-48e4-bde3-955535ed01c0,anyplace.cx,available,19.98,26.98,medium,low,8,namecheap,,,13/09/2026 20:15
1414283e-9d86-4af5-9bbe-c321cc6314a5,chadwick.cx,available,18.99,18.99,medium,low,8,namesilo,,,28/09/2026 08:16
6a021994-9953-4498-9493-85fd73943344,aden.cx,available,19.98,26.98,medium,low,4,namecheap,,,17/09/2026 07:22
c57e1168-f815-489a-aa78-bdba8d75898f,suitable.cx,available,17.66,17.66,high,low,8,dynadot,,,28/09/2026 01:54
3d41d814-ec7d-44bb-a80c-05bab81f34d9,heroic.cx,available,18.99,18.99,high,low,6,namesilo,,,24/09/2026 14:31
bafc7839-9a45-4b0c-92b3-b3ce30f3d975,brookline.cx,available,18.99,18.99,high,low,9,namesilo,,,29/09/2026 10:05
d1d4e44a-1b5a-427c-bbe1-8f6919357d3e,trucking.cx,available,18.99,18.99,high,low,8,namesilo,,,01/10/2026 02:27
7d8de070-3cd7-4323-8921-26ae76193055,maths.cx,available,18.99,18.99,high,low,5,namesilo,,,30/09/2026 04:03
d318c9d5-76c1-4ab7-8d37-ad113bb20c13,morley.cx,available,19.98,26.98,high,low,6,namecheap,,,25/09/2026 05:08
14854636-20cd-4739-a942-4215f65d8ee0,williamson.cx,available,19.98,26.98,high,low,10,namecheap,,,17/09/2026 14:22
037af0a3-db2e-48a1-b8f8-ddbac3d00e25,armiger.cx,available,18.99,18.99,medium,low,7,namesilo,,,20/09/2026 06:59
fc7633d7-c9ab-4ee6-86dd-005c3955a126,blanket.cx,available,18.99,18.99,high,low,7,namesilo,,,08/09/2026 07:17
3c799307-7b9b-492b-a58a-5719d20cde1e,acutely.cx,available,18.99,18.99,high,medium,7,namesilo,,,10/09/2026 06:02
8fb11d61-fc09-4537-981a-49d03e4cba67,flashlight.cx,available,16.53,16.75,high,low,10,porkbun,,,29/09/2026 06:57
33cb5b6c-4126-4a30-9db3-b0807b8f9cb6,fortemente.cx,available,18.99,18.99,medium,low,10,namesilo,,,18/08/2026 12:36
e02a543e-1e65-42d4-80c8-21d12289fe10,blunt.cx,available,18.99,18.99,high,low,5,namesilo,,,22/09/2026 23:15
365e1b2b-dfda-4534-bb7b-408831cc8bff,writhing.cx,available,18.99,18.99,medium,low,8,namesilo,,,13/09/2026 13:45
7241927e-e468-4a73-bcc2-65803446ebc0,respondents.cx,available,18.99,18.99,medium,low,11,namesilo,,,25/09/2026 21:41
7e5fcaea-d829-4a3c-9a4f-1187c10ce8d8,anatomic.cx,available,18.99,18.99,medium,low,8,namesilo,,,
b3993b38-58fb-416d-bd01-fafff468dd94,pillage.cx,available,18.99,18.99,medium,low,7,namesilo,,,08/09/2026 21:56
b822dea0-dbf9-418d-aa04-c18c3ac06b95,beechwood.cx,available,18.99,18.99,medium,low,9,namesilo,,,23/09/2026 00:14
7715b10f-f904-422d-a772-27b45629ea48,brushing.cx,available,18.99,18.99,medium,low,8,namesilo,,,29/09/2026 04:50
291f72f4-ae6d-42fa-b360-a8be894ecefa,filters.cx,available,18.99,18.99,medium,low,7,namesilo,,,30/09/2026 15:03
6d4169ed-535c-41dc-80b0-18c79610a58b,misfortune.cx,available,18.99,18.99,high,low,10,namesilo,,,21/09/2026 16:43
613409b8-1c53-41d0-8b1d-3257fd47b8ba,rings.cx,available,18.99,18.99,high,low,5,namesilo,,,25/09/2026 10:24
894ade10-109c-4684-9ee6-adccfbdbf107,apophasis.cx,available,19.98,26.98,medium,low,9,namecheap,,,19/09/2026 19:01
0080ff9f-a7dc-4352-9cf3-fa4d85eafd2e,asuncion.cx,available,79.99,79.99,high,low,8,name.com,,,20/09/2026 18:23
85ab1145-9ac2-4086-aa64-acbb8df8c4b1,wayne.cx,available,19.98,26.98,high,low,5,namecheap,,,19/09/2026 13:47
6c6cb6cc-0198-4b95-bfc9-205249a85f64,bright.cx,resell,,,high,medium,6,West263 International Limited,15/06/2025 14:45,15/06/2027 14:45,26/09/2026 04:37
b2cf7bbb-e602-4cbf-8fd1-58b39b325209,lapplander.cx,available,19.98,26.98,high,medium,10,namecheap,,,09/09/2026 21:05
bd259db2-6f46-4592-b095-ddfadc7ff778,bandanna.cx,available,18.99,18.99,high,low,8,namesilo,,,22/09/2026 00:59
291cdcfd-dd31-4e03-856b-32f5af45f3da,latch.cx,available,18.99,18.99,high,low,5,namesilo,,,30/09/2026 09:22
df8e9d3b-37b7-45a8-85f8-bdf0c7316acc,ripening.cx,available,18.99,18.99,high,low,8,namesilo,,,
e02229dd-3a76-4c89-98fd-877b69b0d42e,socially.cx,available,18.99,18.99,high,low,8,namesilo,,,16/09/2026 03:57
76de0864-054c-4059-b446-89ef20991c56,doppler.cx,available,17.66,17.66,high,low,7,dynadot,,,01/10/2026 18:57
f41b6c35-014c-4acd-be28-723826a302bc,pruitt.cx,available,18.99,18.99,medium,low,6,namesilo,,,02/10/2026 00:43
ce02ec88-183a-40f1-a844-798e95a924b3,overdue.cx,available,18.99,18.99,medium,low,7,namesilo,,,26/09/2026 03:28
0357da8f-0b0a-4984-a8bf-c3b58a1df02a,lived.cx,available,19.98,26.98,high,low,5,namecheap,,,25/09/2026 20:09
1fae4aee-048c-4ecf-8766-95cdf1363521,beverly.cx,available,19.98,26.98,high,low,7,namecheap,,,25/09/2026 21:21
b8339352-bb69-4ca1-9e16-1616378938c2,martyr.cx,available,16.53,16.75,high,low,6,porkbun,,,29/09/2026 13:23
ab578e4c-8b2d-4951-8545-c375e31f8b8a,basuto.cx,available,18.99,18.99,medium,low,6,namesilo,,,22/09/2026 13:01
442b32e1-dd6d-4186-b6f4-f2eaa9d4fd9e,defection.cx,available,79.99,79.99,medium,low,9,name.com,,,19/09/2026 19:16
e46b337a-cf26-43e6-9750-6cdbef1c0de5,incorporated.cx,available,18.99,18.99,high,low,12,namesilo,,,28/09/2026 22:28
01cbffad-3de7-4322-96ea-ede2e86bc8a4,whisper.cx,available,18.99,18.99,high,low,7,namesilo,,,13/09/2026 11:38
48006711-cc76-49b1-9615-5d9cbd05ec01,lavatory.cx,available,18.99,18.99,high,low,8,namesilo,,,09/09/2026 02:14
e54b1f82-fa3d-440a-970d-94931ffcb5cf,cosmonaut.cx,available,19.98,26.98,high,low,9,namecheap,,,20/09/2026 18:01
878c4bbf-a116-4358-a112-4ab3c251f5fe,postmortem.cx,available,18.99,18.99,medium,low,10,namesilo,,,09/09/2026 00:31
7d8cb7bc-7da9-49e2-a4c4-62bc1fe3c6d3,heavens.cx,available,18.99,18.99,high,low,7,namesilo,,,16/08/2026 21:00
fa9e7ea0-7ffa-4a94-bc42-748b2a73d5c6,rotten.cx,available,18.99,18.99,high,low,6,namesilo,,,24/09/2026 01:35
dda9285e-e8f2-4364-ab71-b8b3b62339b6,collaboration.cx,available,17.66,17.66,high,low,13,dynadot,,,29/09/2026 10:30
56090fae-7ad9-455a-872f-634d23137cf1,wires.cx,available,18.99,18.99,medium,low,5,namesilo,,,28/09/2026 04:36
2ba33621-b041-47ec-b847-554d902360df,imaginative.cx,available,19.98,26.98,high,low,11,namecheap,,,29/09/2026 08:34
be636cf7-b6e0-4dd3-aebc-7a5f078d379c,juries.cx,available,17.66,17.66,low,low,6,dynadot,,,30/09/2026 07:25
b4c740ec-749d-4712-9657-1f0f4d7a4ac7,composing.cx,available,18.99,18.99,high,low,9,namesilo,,,24/09/2026 16:54
ce26a379-a40f-471a-86cb-c7532fb1d97d,harder.cx,available,18.99,18.99,medium,low,6,namesilo,,,26/09/2026 03:10
07ca0857-c5d7-483f-8b23-2c050299bcbf,alone.cx,available,79.99,79.99,high,low,5,name.com,,,22/09/2026 01:57
5f7dbd43-eb31-491a-988b-20648b8a330a,spas.cx,available,19.98,26.98,medium,low,4,namecheap,,,18/09/2026 21:33
96b330c7-ac5e-47a6-86c6-010a098ff907,darien.cx,available,18.99,18.99,medium,low,6,namesilo,,,30/09/2026 13:31
2bd5d993-6aa5-4d4b-b5e8-5c5cf12d0ba4,wrongful.cx,available,18.99,18.99,medium,low,8,namesilo,,,28/09/2026 11:11
a69f1c2a-4446-4a2e-a4f4-730b18a3283c,deceive.cx,available,18.99,18.99,high,low,7,namesilo,,,29/09/2026 20:40
b3b88015-afdb-44d8-bbe0-26f0b6f31262,omissive.cx,available,18.99,18.99,medium,low,8,namesilo,,,04/09/2026 02:28
6a829cd0-a102-4149-ae8a-0d321d40c420,inflamed.cx,available,18.99,18.99,medium,low,8,namesilo,,,22/08/2026 04:27
f2b91684-126a-4d94-878d-969bb4fdaff8,backstairs.cx,available,18.99,18.99,medium,low,10,namesilo,,,08/08/2026 06:26
931225b7-023d-49f7-a4db-24eb554be6c9,commitments.cx,available,18.99,18.99,medium,low,11,namesilo,,,30/09/2026 07:30
1d57c6ef-bfce-41ba-a177-c74130dfa6dd,announcer.cx,available,18.99,18.99,high,low,9,namesilo,,,19/09/2026 10:49
9e0a1352-57a8-48a6-aa8a-9cc7d5035c68,glenda.cx,available,18.99,18.99,high,low,6,namesilo,,,02/10/2026 09:10
4fb9ea0b-6820-4293-be28-6a9d9146cf1d,westwood.cx,available,18.99,18.99,high,low,8,namesilo,,,
44cbea91-c24b-4b4c-8940-e20dbcf30d4e,approached.cx,available,19.98,26.98,medium,low,10,namecheap,,,17/09/2026 16:13
b4f984a0-95c0-49a7-a7d9-02720c45817d,selections.cx,available,18.99,18.99,medium,low,10,namesilo,,,20/09/2026 10:53
80ea0671-880a-4db0-9f17-6f7c4108008c,shared.cx,available,18.99,18.99,high,low,6,namesilo,,,24/09/2026 11:33
164ec220-0bc8-4a6d-a3a4-d08bcaf5a7f1,stock.cx,resell,,,high,medium,5,CentralNic Ltd,01/09/2025 00:07,01/09/2027 00:07,27/09/2026 03:18
aa36ca93-521c-4a89-a72e-d2e3a2817470,tory.cx,available,18.99,18.99,high,low,4,namesilo,,,01/10/2026 21:59
1778d36d-3acd-4950-96b4-f484042682c3,tiffany.cx,available,18.99,18.99,high,low,7,namesilo,,,30/09/2026 02:10
8b53f563-7529-4c4b-bde6-988c122ed5d4,aldrich.cx,available,17.66,17.66,medium,low,7,dynadot,,,28/09/2026 04:14
744c694a-b7d7-4931-b30d-1125dbb8c6a3,mickle.cx,available,18.99,18.99,medium,low,6,namesilo,,,25/08/2026 00:32
e1df2103-bd96-4569-89be-32f6554a9407,confederation.cx,available,18.99,18.99,medium,low,13,namesilo,,,01/10/2026 22:47
2bbc912b-9720-4a33-a1b7-ecddf85d00fa,vaults.cx,available,18.99,18.99,medium,low,6,namesilo,,,01/10/2026 16:15
20e66c20-dd4e-4bd0-88dd-a4cc4e2937c0,venus.cx,resell,,,high,low,5,,,,28/09/2026 14:17
aadd0904-af8d-4ea5-990d-e46997495ba5,prudence.cx,available,19.98,26.98,high,low,8,namecheap,,,30/09/2026 16:43
f3f48483-b439-4575-8178-3e1c0af9fef0,colorise.cx,available,18.99,18.99,medium,low,8,namesilo,,,12/08/2026 17:36
6e9ac666-4704-4d5a-953d-454a55772b62,trunks.cx,available,19.98,26.98,medium,low,6,namecheap,,,28/09/2026 20:26
137a98a4-dec3-4bc5-a297-98e6e93d6c27,northerly.cx,available,19.98,26.98,medium,low,9,namecheap,,,03/09/2026 21:23
c3bc90a3-05fb-42d4-a628-ffb107e5257f,hoofed.cx,available,18.99,18.99,medium,low,6,namesilo,,,21/08/2026 13:40
077182dc-f812-4160-ad79-5979a12a212b,pith.cx,available,18.99,18.99,high,low,4,namesilo,,,14/09/2026 23:55
d3719ce6-37be-4dcb-9e3d-bc9df3dddc73,zoophagous.cx,available,18.99,18.99,medium,low,10,namesilo,,,18/08/2026 07:58
07e8559e-eb9e-4fe8-80f0-b1f7f9be1793,macos.cx,available,18.99,18.99,high,high,5,namesilo,,,03/10/2026 05:48
2abd23c3-4b56-4b12-ba78-3e26bfc14040,spencer.cx,available,18.99,18.99,high,low,7,namesilo,,,27/09/2026 14:02
1cdf6623-8b2a-43ed-bbdc-5a666f53f421,nineties.cx,available,18.99,18.99,medium,low,8,namesilo,,,16/09/2026 12:01
b3bca712-ad87-4d65-9745-73651d4e35ee,ridden.cx,available,17.66,17.66,high,low,6,dynadot,,,30/09/2026 23:00
a9b86e88-29ce-4d62-9334-5d2b962bbcdb,androgyny.cx,available,18.99,18.99,medium,low,9,namesilo,,,19/09/2026 04:54
e5211be4-b87e-4c21-b572-40aa94d48ac1,occupancy.cx,available,18.99,18.99,high,low,9,namesilo,,,02/10/2026 05:49
f2515dd6-ee09-461d-95df-6cf3e199ccb9,appreciation.cx,available,18.99,18.99,high,low,12,namesilo,,,
c1c34105-2548-4886-bc0a-4316030e9662,administered.cx,available,18.99,18.99,medium,low,12,namesilo,,,29/09/2026 16:19
4b6fa15d-adba-4f29-b8a3-69173e6a2222,adenium.cx,available,19.98,26.98,medium,low,7,namecheap,,,17/09/2026 07:28
e051df0f-d0a9-4387-a267-c8462188a48f,relationship.cx,available,18.99,18.99,high,low,12,namesilo,,,01/10/2026 02:58
2d15fa77-f11e-41ad-891d-17da64744ee6,tossing.cx,available,18.99,18.99,high,low,7,namesilo,,,30/09/2026 03:58
7a8ed072-66a2-45ac-a1e1-26a10955fb86,montmorency.cx,available,18.99,18.99,medium,low,11,namesilo,,,02/10/2026 01:08
05bb23e3-a13e-4c1f-ac8a-9d8bf7f2609a,splitting.cx,available,18.99,18.99,high,low,9,namesilo,,,09/09/2026 14:01
35154f02-18a3-4e8f-a5c4-230f3ccf5051,barreled.cx,available,18.99,18.99,medium,low,8,namesilo,,,08/08/2026 20:46
68a7c210-40f9-4cb7-86fe-0d11742b7151,aliraq.cx,available,18.99,18.99,medium,low,7,namesilo,,,18/09/2026 00:54
5bb22f94-b7de-478b-989d-9170e0a7b944,straps.cx,available,18.99,18.99,medium,low,6,namesilo,,,01/10/2026 14:01
cce2cec3-4aa3-4ffa-8dca-42f608526444,baisa.cx,available,19.98,26.98,medium,low,5,namecheap,,,21/09/2026 19:36
fc5ff2ad-5c8c-4f28-bb25-a45a32e06617,upstairs.cx,available,18.99,18.99,high,low,8,namesilo,,,28/09/2026 09:59
80262a9b-e505-4229-894e-7d78bf097956,gets.cx,available,19.98,26.98,medium,low,4,namecheap,,,18/09/2026 02:13
130eb28c-c399-4a4a-937b-a2a86662d285,jeffery.cx,available,19.98,26.98,medium,low,7,namecheap,,,29/09/2026 09:37
6a2fb601-8cff-454b-bf46-bcca1f5b0de4,tracks.cx,available,18.99,18.99,high,low,6,namesilo,,,17/09/2026 16:05
0fec9a09-b69e-4e50-9487-43624a40e0cf,arugula.cx,available,18.99,18.99,medium,low,7,namesilo,,,20/09/2026 12:10
e706e02f-2958-4a20-a033-90c253842a38,live.cx,resell,,,high,medium,4,West263 International Limited,12/06/2023 00:00,12/06/2027 00:00,26/09/2026 07:16
e48e86ae-f6c7-4b1f-89ef-a76b1069b3c0,underage.cx,available,18.99,18.99,medium,low,8,namesilo,,,03/09/2026 18:43
42e497cd-067b-4024-ba97-2c25401f859c,queenly.cx,available,18.99,18.99,medium,low,7,namesilo,,,09/09/2026 07:52
04cd7377-75dc-4630-abf2-eb7b36c1f6dc,objects.cx,available,19.98,26.98,medium,low,7,namecheap,,,02/10/2026 16:26
f9e23fe9-0add-41c1-a949-446d4ab9eb3e,nostrils.cx,available,18.99,18.99,medium,low,8,namesilo,,,
9c93173b-3375-4eae-8d4c-31386be460d5,encodes.cx,available,17.66,17.66,low,low,7,dynadot,,,28/09/2026 17:50
97a0f3f8-cbda-4998-8acb-4200e9614f48,shrunk.cx,available,17.66,17.66,medium,low,6,dynadot,,,01/10/2026 04:31
6d4b4bde-1008-41da-a928-fc49f10134db,animation.cx,available,18.99,18.99,high,low,9,namesilo,,,18/09/2026 08:09
5f6ae218-5b26-49df-aad1-fb03ad3416c4,failed.cx,available,18.99,18.99,medium,low,6,namesilo,,,
91d472f5-713f-4e75-9f51-9e278ccfa575,subscriber.cx,available,19.98,26.98,high,low,10,namecheap,,,24/09/2026 17:47
5a3ca19d-02bf-4fab-b642-f7a5859452fc,amebous.cx,available,18.99,18.99,medium,low,7,namesilo,,,
0cb9a6c7-071c-45a9-ba50-4abf13032b70,nowhere.cx,available,18.99,18.99,high,low,7,namesilo,,,28/09/2026 16:28
517d91e3-32e3-4217-8a0f-d85d15339806,libel.cx,available,18.99,18.99,high,low,5,namesilo,,,02/10/2026 05:37
e11f7f8f-7594-4564-9809-372038545824,androgenic.cx,available,18.99,18.99,medium,low,10,namesilo,,,
145c975a-b566-46bc-8911-a9b9137cd09b,suspended.cx,available,18.99,18.99,medium,low,9,namesilo,,,11/09/2026 04:55
1e6325b0-7a0c-4bf0-9e15-7221d3a68d7b,mobius.cx,available,18.99,18.99,high,low,6,namesilo,,,21/09/2026 03:47
acbe92ea-9607-4cda-b90d-d8ac87646b1f,passenger.cx,available,18.99,18.99,high,low,9,namesilo,,,27/09/2026 04:56
5c04aefc-e299-4427-9463-931a60327742,merciless.cx,available,18.99,18.99,medium,low,9,namesilo,,,24/08/2026 20:36
4ae25798-4372-4cf5-826b-36ec5aafb00c,support.cx,resell,,,high,medium,7,West263 International Limited,10/08/2023 01:56,10/08/2027 01:56,26/09/2026 09:25
99b6e369-f742-4445-9f67-bb2e8d0fa363,daydream.cx,available,18.99,18.99,high,low,8,namesilo,,,17/09/2026 22:00
dcaf6cda-31be-4d98-a995-2810f9f02172,swampy.cx,available,18.99,18.99,medium,low,6,namesilo,,,10/08/2026 17:18
b3d3d0be-8a80-4d9f-a411-1ad93045b284,universally.cx,available,19.98,26.98,high,low,11,namecheap,,,01/10/2026 18:19
ce90a9f6-bbcf-4f61-9027-c273012ff18b,audibility.cx,available,18.99,18.99,medium,low,10,namesilo,,,21/09/2026 02:52
cb52552b-6a78-4f45-9594-653c85021e73,drains.cx,available,18.99,18.99,medium,low,6,namesilo,,,29/09/2026 17:12
6ac32d80-0bcb-4038-8aee-6eb477bc4561,expenses.cx,available,18.99,18.99,medium,low,8,namesilo,,,27/09/2026 22:47
13d8eb75-0bda-4107-8c65-6036f70ed4b8,cooperstown.cx,available,18.99,18.99,high,low,11,namesilo,,,01/10/2026 23:32
6d55948c-069e-498b-b87b-c4556122ab0f,items.cx,available,19.98,26.98,medium,low,5,namecheap,,,30/09/2026 21:02
5f3581e8-b731-483a-bf77-039794d32cea,affiliation.cx,available,18.99,18.99,high,low,11,namesilo,,,
b6a5c582-d0f6-4770-b5a6-fd367520f419,arrowsmith.cx,available,19.98,26.98,medium,low,10,namecheap,,,20/09/2026 09:31
137c9157-de03-49f6-8b7c-b353ed74a0cb,demesne.cx,available,18.99,18.99,medium,low,7,namesilo,,,17/09/2026 02:57
3cdd0fcd-83c1-48d9-b324-03c711556a13,umayyad.cx,available,17.66,17.66,high,low,7,dynadot,,,30/09/2026 18:14
9b9bca52-cd4e-4fc7-a84a-7708f2a4143b,preaching.cx,available,18.99,18.99,high,low,9,namesilo,,,28/09/2026 15:06
a4dc47a5-ede1-4bf3-9460-b85244404cd4,dip.cx,available,18.99,18.99,high,low,3,namesilo,,,24/09/2026 10:33
a3cead05-361f-4cbb-9d87-33dfb3dfc2a0,andean.cx,available,18.99,18.99,high,low,6,namesilo,,,
c73ffc0a-2eeb-4534-87ee-4a77f63b9006,discounter.cx,available,18.99,18.99,high,low,10,namesilo,,,02/10/2026 05:50
b16361f2-6322-4235-8c66-cd5a758ac8d3,evie.cx,available,19.98,26.98,high,low,4,namecheap,,,02/10/2026 19:49
af2d4e37-2040-49f6-9ed9-78f4dc304e23,ballast.cx,available,18.99,18.99,high,low,7,namesilo,,,21/09/2026 22:46
0577a21c-8aa0-414b-907e-4dcd05f8241c,lingual.cx,available,18.99,18.99,medium,low,7,namesilo,,,23/08/2026 15:07
5b0b511e-5df8-488e-bf27-d35eea1f51a9,perks.cx,available,19.98,26.98,medium,low,5,namecheap,,,20/09/2026 14:58
a94350e6-b706-4249-9a03-d885dfbb80e9,oyo.cx,available,18.99,18.99,high,low,3,namesilo,,,03/10/2026 04:24
feaeec22-aa0a-4d9e-9eaa-c8f3ee5d114d,entrusted.cx,available,18.99,18.99,medium,low,9,namesilo,,,29/09/2026 16:07
89166ae7-11fb-441a-9290-70a3f1ff08cb,meddling.cx,available,18.99,18.99,medium,low,8,namesilo,,,11/08/2026 11:24
87a3e70f-a195-4db8-bb0f-8bed79e72782,motherhood.cx,available,16.53,16.75,high,low,10,porkbun,,,29/09/2026 19:42
801f26fc-f818-4f14-a4fa-c73c111de8ba,bagnio.cx,available,19.98,26.98,medium,low,6,namecheap,,,21/09/2026 18:19
9320bff6-e286-4b41-b043-618a50c41c8d,parented.cx,available,18.99,18.99,high,low,8,namesilo,,,08/09/2026 01:16
0c978855-7479-48e7-93d3-ebfab05ee8a8,fore.cx,available,18.99,18.99,high,low,4,namesilo,,,18/08/2026 11:26
0a9a82c7-7dac-4488-bebd-a50e4bc5fb52,cornelia.cx,available,18.99,18.99,medium,low,8,namesilo,,,28/09/2026 07:53
f2a8b6d8-92f4-427c-b3e0-d1085ba8d420,sterope.cx,available,18.99,18.99,low,low,7,namesilo,,,20/09/2026 17:14
0a50e582-2ded-492f-9c5d-6f60b2c09a2f,brawl.cx,available,16.53,16.75,high,low,5,porkbun,,,29/09/2026 11:45
c554e110-6d34-4b96-abc7-dd410828e0d1,uhf.cx,available,18.99,18.99,high,low,3,namesilo,,,26/09/2026 00:28
c9a89e4f-09ff-4b02-a888-f6f0b9b08607,anpu.cx,available,18.99,18.99,medium,low,4,namesilo,,,19/09/2026 11:59
cf0f1d1d-10c7-40a6-b435-fa34532749a7,realise.cx,available,17.66,17.66,high,low,7,dynadot,,,27/09/2026 16:29
a16cf13f-b6e0-4cd1-9cb3-153a31bffebd,activities.cx,available,18.99,18.99,medium,low,10,namesilo,,,27/09/2026 22:27
3399abca-e327-46fb-9741-9ded8f12534b,neutralize.cx,available,18.99,18.99,high,low,10,namesilo,,,01/10/2026 04:11
a2133431-7459-476f-98fd-a12938c7f761,centered.cx,available,18.99,18.99,high,low,8,namesilo,,,12/08/2026 00:03
6fbb50d9-036c-4c6f-9483-b7b6253e5f74,prohibition.cx,available,19.98,26.98,medium,low,11,namecheap,,,29/09/2026 15:19
ed531bb9-9230-4abd-8f4d-167466354e12,corsican.cx,available,18.99,18.99,high,low,8,namesilo,,,13/08/2026 02:33
f336aaa8-2b4b-4605-a393-d3cc08510a54,cases.cx,available,18.99,18.99,medium,low,5,namesilo,,,17/09/2026 16:31
45db4afc-2c0c-449d-9f56-84a1841e372d,especially.cx,available,19.98,26.98,medium,low,10,namecheap,,,28/09/2026 14:41
dc9db541-02b8-48e6-8ab5-e267825c4278,undefeated.cx,available,18.99,18.99,high,low,10,namesilo,,,12/09/2026 07:12
0dd48f03-ab32-4bf1-b73e-94f1a376eebd,castilla.cx,available,17.66,17.66,high,low,8,dynadot,,,01/10/2026 18:55
f1873f86-a81f-432b-be18-834911385f21,vilas.cx,available,19.98,26.98,medium,low,5,namecheap,,,02/10/2026 20:29
67422659-6c99-4bf0-af3a-85b06a67f0f8,enormously.cx,available,18.99,18.99,medium,low,10,namesilo,,,14/09/2026 15:47
6e4f8fe1-e1d4-4354-9b7d-8aa4c78b0938,spinal.cx,available,18.99,18.99,high,medium,6,namesilo,,,10/09/2026 15:38
a3275746-9f79-4890-97c4-48ac8fbb97dc,commended.cx,available,17.66,17.66,medium,low,9,dynadot,,,02/10/2026 03:21
dc8ff5d8-7ad9-4820-8ce2-839e8f4b079d,irregular.cx,available,19.98,26.98,high,low,9,namecheap,,,25/09/2026 11:26
fc97f7c6-e1c0-4adf-8cf8-11f1de93bc53,basswood.cx,available,18.99,18.99,medium,low,8,namesilo,,,22/09/2026 12:34
03c25d43-ee24-42e5-9979-cc7c643db16e,epo.cx,available,18.99,18.99,high,high,3,namesilo,,,02/10/2026 08:05
acb31740-9b84-408f-b0ba-099c2190c6c6,panoplied.cx,available,18.99,18.99,medium,low,9,namesilo,,,06/08/2026 21:42
ce753ad4-1ef0-4511-b02e-076f2504b321,wishfully.cx,available,19.98,26.98,medium,low,9,namecheap,,,16/09/2026 11:32
796bb7b3-2c92-43be-8919-bfc3471e95ae,mouthy.cx,available,26.98,,medium,low,6,namecheap,,,
b1fd90e9-7713-46f6-906d-299c06321038,vosges.cx,available,19.98,26.98,high,low,6,namecheap,,,02/10/2026 09:42
b493980f-161b-4f14-aab5-9cff9af9bf4b,bluebottle.cx,available,18.99,18.99,medium,low,10,namesilo,,,21/09/2026 14:09
86ca6903-0af1-4b42-ba28-5d1b9ed1851b,defines.cx,available,18.99,18.99,medium,low,7,namesilo,,,30/09/2026 15:14
ea2d511b-09e9-4ad8-88d4-9e24c34f2aaa,highlighting.cx,available,18.99,18.99,high,low,12,namesilo,,,01/10/2026 23:00
98794bc1-bf7f-4d78-90a1-fc5988ba9d7c,waiting.cx,available,18.99,18.99,high,low,7,namesilo,,,27/09/2026 10:28
a8018728-107d-4ac6-bb8c-8f0f4b041a47,uic.cx,available,18.99,18.99,high,low,3,namesilo,,,03/10/2026 04:03
edf3ddd0-b3e7-4aaf-9046-91c5b09bf57c,aviation.cx,available,18.99,18.99,high,low,8,namesilo,,,17/09/2026 22:43
830d261a-f280-4075-995b-b2d90a1f885e,basal.cx,available,19.98,26.98,medium,low,5,namecheap,,,08/08/2026 21:24
2761acf6-5858-467c-904c-054959d899a4,biochemistry.cx,available,19.98,26.98,high,low,12,namecheap,,,30/09/2026 14:26
23e246b8-888d-43cb-8237-d7b7d1aa1dbf,hannibal.cx,available,18.99,18.99,high,low,8,namesilo,,,27/09/2026 04:24
dc7e6a0e-621a-4dac-8d75-38dedb3d9c10,anaglyph.cx,available,18.99,18.99,medium,low,8,namesilo,,,19/09/2026 01:21
cbdd517d-7db1-4b01-9f94-bd4f5e9eab3d,tinkling.cx,available,18.99,18.99,medium,low,8,namesilo,,,11/09/2026 16:13
21e37033-02ad-4d08-add4-76de8a70f9b9,merging.cx,available,18.99,18.99,high,low,7,namesilo,,,24/08/2026 20:43
d032f651-310f-41aa-99bd-9882e4aa3736,submissive.cx,available,18.99,18.99,medium,low,10,namesilo,,,11/09/2026 00:25
60c25ef3-8295-4346-a684-94c43784a188,slyness.cx,available,18.99,18.99,medium,low,7,namesilo,,,13/08/2026 10:43
a026ff29-1365-4b45-8815-b39c59a6ecc0,disputes.cx,available,17.66,17.66,medium,low,8,dynadot,,,01/10/2026 17:25
c0f6c7e6-202b-4ac6-bdda-fda5be12aad1,macaroni.cx,available,18.99,18.99,high,low,8,namesilo,,,01/10/2026 02:55
b7f481e9-e5dd-4c92-82f3-31290f360675,violinist.cx,available,19.98,26.98,high,low,9,namecheap,,,01/10/2026 02:03
596de343-1076-482a-84bf-209b3f266676,corsica.cx,available,18.99,18.99,high,low,7,namesilo,,,28/09/2026 13:46
79538d77-6cd2-44ed-a711-644dad06fee8,conciliate.cx,available,18.99,18.99,high,low,10,namesilo,,,18/08/2026 22:04
d306cb17-f29e-42c9-94ef-40035addb06f,perplexed.cx,available,19.98,26.98,medium,low,9,namecheap,,,08/09/2026 17:56
21d03cb9-07e1-4088-b8d0-63e57628b50f,segmental.cx,available,18.99,18.99,medium,low,9,namesilo,,,24/08/2026 21:41
5aa23c1a-a5e6-4bfd-b21f-e43df85078e9,sterilized.cx,available,19.98,26.98,medium,low,10,namecheap,,,10/09/2026 20:11
2c6402bc-f3f9-46c2-a676-c1247b6d006b,dataflow.cx,available,18.99,18.99,high,low,9,namesilo,,,04/09/2026 04:48
e9a653de-fdb5-4b92-915f-b900fac39017,abenaki.cx,available,18.99,18.99,high,low,7,namesilo,,,
0f9151ca-2b0b-416e-985d-6352e32e5bf4,mccauley.cx,available,16.53,16.75,medium,low,8,porkbun,,,01/10/2026 02:59
a7cca658-ceeb-41d4-9529-a0d5986fe09f,undiluted.cx,available,18.99,18.99,medium,low,9,namesilo,,,12/09/2026 08:03
6506f7b2-94d7-41d9-a76b-96d86f2e8f82,boxes.cx,available,19.98,26.98,medium,low,5,namecheap,,,17/09/2026 04:37
de3fb445-99cf-4b0c-a4a2-6659bbc866c2,ner.cx,available,16.53,16.75,high,low,3,porkbun,,,29/09/2026 14:31
e1da9b97-ee18-486a-af6e-31540f235bee,combine.cx,available,17.66,17.66,high,low,7,dynadot,,,28/09/2026 13:39
684764fa-9529-49e4-ac15-040dfd33ae14,mayan.cx,available,18.99,18.99,high,low,5,namesilo,,,02/10/2026 16:04
b1b9f88d-9cc7-4cf0-a06d-dbc3c731f36a,unknowable.cx,available,18.99,18.99,medium,low,10,namesilo,,,12/09/2026 14:17
05a570bf-0465-4557-b4a4-a455363ffe2a,circulatory.cx,available,18.99,18.99,high,low,11,namesilo,,,03/10/2026 03:21
5edc4d6d-a04f-48c8-bd18-4d7152f128d3,chickpea.cx,available,18.99,18.99,high,low,8,namesilo,,,24/09/2026 14:29
ca04420d-22c1-4eb2-9153-06be151dcd49,selectable.cx,available,18.99,18.99,high,low,10,namesilo,,,02/10/2026 07:41
1eaf9340-7e67-421f-a547-73f282cd3cbf,warty.cx,available,18.99,18.99,medium,low,5,namesilo,,,13/09/2026 04:24
4a5ce9c6-b816-4561-858e-061939fdc8af,turret.cx,available,19.98,26.98,high,low,6,namecheap,,,01/10/2026 19:53
a0fce41a-f5de-4de7-aa6e-05aff9995a7d,divert.cx,available,19.98,26.98,high,low,6,namecheap,,,24/09/2026 07:57
825a005f-f6ce-4ccd-8b8b-d837226519a0,attache.cx,available,18.99,18.99,high,low,7,namesilo,,,21/09/2026 01:04
405a1375-58ca-4948-b309-3cfa870b3231,philemon.cx,available,17.66,17.66,medium,low,8,dynadot,,,02/10/2026 15:00
bcbf4480-e9a3-4271-a1f3-177756b88cc8,graphical.cx,available,18.99,18.99,high,low,9,namesilo,,,20/08/2026 18:11
48fbf0a5-a2b6-432f-9205-d91b21b5053d,baccarat.cx,available,18.99,18.99,high,low,8,namesilo,,,21/09/2026 13:56
02b2675a-de28-4870-81d5-b333bf980b08,persia.cx,available,18.99,18.99,high,low,6,namesilo,,,01/10/2026 02:42
f925b9ba-32a9-48fc-a32f-802e8974e178,wagram.cx,available,19.98,26.98,medium,low,6,namecheap,,,22/09/2026 16:18
a98f8673-e545-42d1-909a-02909bd9db94,missions.cx,available,18.99,18.99,medium,low,8,namesilo,,,28/09/2026 23:16
03b44f3e-446a-4398-8d98-3ca5401039c6,birdwatch.cx,available,19.98,26.98,high,low,9,namecheap,,,23/09/2026 19:35
087af615-7ace-49ca-8a2c-dc7a54bcfdc9,steak.cx,available,17.66,17.66,high,low,5,dynadot,,,30/09/2026 11:53
dbdfb837-952a-4928-b615-b5d08b3c1dd3,halle.cx,available,18.99,18.99,high,low,5,namesilo,,,27/09/2026 04:25
cc53db50-721f-4601-9300-8e5a38f8e129,trivalent.cx,available,19.98,26.98,medium,low,9,namecheap,,,11/09/2026 20:13
3fcd8c61-d117-4d2f-a4a6-930d5bc8b2a6,richmond.cx,available,18.99,18.99,high,low,8,namesilo,,,29/09/2026 07:18
a5218635-0274-4027-bbcc-dde20064da08,stubby.cx,available,18.99,18.99,medium,low,6,namesilo,,,10/09/2026 22:56
f519d67d-f0a5-4c4c-b703-6c338987eabb,addon.cx,available,18.99,18.99,high,low,6,namesilo,,,17/09/2026 06:37
9998eb88-9733-4242-9940-42f5deb1e7fd,melbourne.cx,available,16.53,16.75,high,low,9,porkbun,,,30/09/2026 02:14
9213cf65-874d-4898-af57-b11130f34329,winters.cx,available,18.99,18.99,high,low,7,namesilo,,,28/09/2026 22:16
8f7360e6-6bfa-4a63-8033-ad964634360d,pier.cx,available,19.98,26.98,high,low,4,namecheap,,,28/09/2026 06:35
ea4e44f1-9e81-4a61-a1e5-1ae6cb76493b,mamluk.cx,available,18.99,18.99,medium,low,6,namesilo,,,01/10/2026 06:56
d155e485-b0e7-4096-8c06-19ee510a8d67,bidet.cx,available,18.99,18.99,high,low,5,namesilo,,,23/09/2026 13:46
54d55ced-7bdd-4efb-a09f-f072aa328e3f,paces.cx,available,18.99,18.99,medium,low,5,namesilo,,,02/10/2026 12:26
cfe7e175-8d2f-4fbd-ad83-71ae87edeedf,inspected.cx,available,19.98,26.98,medium,low,9,namecheap,,,01/10/2026 16:29
1eadad3e-8be0-4bf6-8ad5-bc57dbda6901,bounced.cx,available,17.66,17.66,medium,low,7,dynadot,,,29/09/2026 17:31
6c08496e-1e0f-4aad-b3e2-55e2b433189d,pita.cx,available,18.99,18.99,high,low,4,namesilo,,,30/09/2026 06:47
10e1f5d9-d794-4d05-aeec-0f5af2b76ea8,antiquary.cx,available,19.98,26.98,medium,low,9,namecheap,,,
fcdc607a-cf81-4066-a218-0916b08c5be5,easygoing.cx,available,18.99,18.99,high,low,9,namesilo,,,13/08/2026 12:00
15318208-acde-492f-bc72-5e4d75967641,ridicule.cx,available,19.98,26.98,medium,low,8,namecheap,,,24/09/2026 02:25
b8026c93-443a-43d9-be10-a26be3e0c0bb,verbalize.cx,available,18.99,18.99,medium,low,9,namesilo,,,13/09/2026 00:14
1f705ab8-75cf-478b-9431-81e5bcedc5a2,eyry.cx,available,18.99,18.99,high,low,4,namesilo,,,
84816f4f-5693-41ec-b7ab-70c3804c9c1a,limitations.cx,available,18.99,18.99,medium,low,11,namesilo,,,29/09/2026 10:21
3264fa50-ed6b-47fe-a71c-b03c2e6c8644,icf.cx,available,18.99,18.99,high,low,3,namesilo,,,29/09/2026 03:19
a8929c15-5dcf-4c1a-b599-af20683e8c9d,pyramid.cx,available,18.99,18.99,high,low,7,namesilo,,,08/09/2026 13:53
6844967c-3433-4e22-a7b9-e182c1af8a3b,billiard.cx,available,18.99,18.99,high,low,8,namesilo,,,09/08/2026 21:25
da1b19a0-ad99-4c4d-8602-9999f324384f,isla.cx,available,18.99,18.99,high,low,4,namesilo,,,28/09/2026 16:31
3ee76422-d460-40d8-95db-9e5a46f8ef8f,lifeless.cx,available,18.99,18.99,medium,low,8,namesilo,,,17/08/2026 15:52
33498a07-c29e-4f9a-9789-e0a0ecf80828,intellectuals.cx,available,18.99,18.99,medium,low,13,namesilo,,,01/10/2026 00:59
770b4ea8-8454-4da2-ade9-0e5b5b8aa9e4,summarizing.cx,available,19.98,26.98,medium,low,11,namecheap,,,17/09/2026 10:36
caa61a9c-4415-43ef-83c2-fd54a55ffd78,taboo.cx,available,18.99,18.99,high,low,5,namesilo,,,18/08/2026 11:03
a3dfdd3f-3d10-4ee3-a7fe-a7cc7000ed08,armagnac.cx,available,18.99,18.99,medium,low,8,namesilo,,,20/09/2026 06:29
a6488aa6-4002-4542-88d5-1eddd027153c,bulbous.cx,available,18.99,18.99,medium,low,7,namesilo,,,09/08/2026 13:39
bcad8a79-7724-40e1-9580-06c42bb47235,pattern.cx,resell,,,high,low,7,West263 International Limited,20/08/2025 11:59,20/08/2027 11:59,26/09/2026 08:04
54839e55-cf79-4d4d-9cbd-35ce60b20491,rhythmic.cx,available,18.99,18.99,high,low,8,namesilo,,,27/09/2026 14:50
90a92969-f6de-400b-932f-0e7468835e73,subalpine.cx,available,18.99,18.99,medium,low,9,namesilo,,,
7b0c0065-5944-420f-904f-543d56e3e41f,import.cx,available,19.98,26.98,high,low,6,namecheap,,,25/09/2026 18:33
b4b65b33-4849-4a93-b1c7-d39d33cdd3e7,gesell.cx,available,19.98,26.98,high,low,6,namecheap,,,20/09/2026 08:18
afd2cb0a-1ef0-4d5c-a4a6-800d572e5dfd,angina.cx,available,18.99,18.99,medium,low,6,namesilo,,,19/09/2026 06:08
8d59a756-1452-4616-aef2-08a2830d5945,weathered.cx,available,18.99,18.99,medium,low,9,namesilo,,,13/09/2026 09:21
f87f7291-589c-4b40-b3f7-a345961228e4,sustaining.cx,available,18.99,18.99,high,low,10,namesilo,,,01/10/2026 23:00
b8227c6e-84da-4b70-b31c-4a28f591c956,salle.cx,available,18.99,18.99,high,low,5,namesilo,,,01/10/2026 05:06
80665e13-332f-4852-84d9-e3a215d42238,sterile.cx,available,18.99,18.99,high,low,7,namesilo,,,22/09/2026 09:35
d19b5e9e-399a-4cb6-b4d0-3b2e131f51a7,product.cx,resell,,,high,medium,7,CentralNic Ltd,12/09/2019 00:11,12/09/2027 00:11,03/10/2026 04:02
175d83fd-c7e5-4bb7-8059-0fbad642af0b,dialog.cx,available,18.99,18.99,high,low,6,namesilo,,,24/09/2026 22:13
74eb25af-5785-4f6f-b204-b0d6b73c89f5,luggage.cx,available,17.66,17.66,high,low,7,dynadot,,,29/09/2026 00:30
b38c9509-58ab-4972-b363-fb1fb283586c,captious.cx,available,19.98,26.98,medium,low,8,namecheap,,,11/08/2026 18:18
b00be574-170e-4fe1-81ce-756f0175a036,historic.cx,available,18.99,18.99,high,low,8,namesilo,,,21/08/2026 09:51
e202730e-23c0-4637-8e36-d8ebf64622d7,enters.cx,available,18.99,18.99,low,low,6,namesilo,,,28/09/2026 17:22
2ef788ae-691f-41d6-97b3-5b24e6b23f50,caution.cx,available,18.99,18.99,high,low,7,namesilo,,,24/09/2026 12:53
6fa572a2-4e29-49d3-a2c0-d5d3792cea82,aurous.cx,available,18.99,18.99,medium,low,6,namesilo,,,07/08/2026 17:31
07865659-5429-40bf-807d-f81f167bd6e3,lossless.cx,available,18.99,18.99,medium,low,8,namesilo,,,24/08/2026 09:56
16107cda-d586-417e-9a58-76383de7c63e,asceticism.cx,available,19.98,26.98,medium,low,10,namecheap,,,20/09/2026 13:08
267ac208-4a65-4d1e-866d-580b222aa388,alimentary.cx,available,18.99,18.99,medium,low,10,namesilo,,,
2bf53778-fcb2-4cd6-b899-9f689eb424aa,commemorative.cx,available,19.98,26.98,medium,low,13,namecheap,,,01/10/2026 06:13
f53fef71-a2ee-4708-a025-968bef58ffc8,mangy.cx,available,18.99,18.99,medium,low,5,namesilo,,,24/08/2026 14:50
cdd0ef91-190f-4516-9d7a-d51c0b7c3bfa,misdirect.cx,available,18.99,18.99,medium,low,9,namesilo,,,13/08/2026 02:26
00cf90e9-883b-4aa3-b654-617dae66eb34,postmark.cx,available,18.99,18.99,high,low,8,namesilo,,,18/08/2026 14:12
8b04b3a6-e53a-4eaf-9ea0-961daad30dc6,meager.cx,available,19.98,26.98,medium,low,6,namecheap,,,24/08/2026 18:02
025d1729-8308-4a9f-996a-2c194490dff3,boylston.cx,available,18.99,18.99,medium,low,8,namesilo,,,01/10/2026 12:42
8af2bf30-49a1-428d-b16c-2be2f99c1fa9,dinesen.cx,available,18.99,18.99,medium,low,7,namesilo,,,22/09/2026 07:24
33579428-628d-4348-8e05-78d630ef3dc3,deductible.cx,available,18.99,18.99,high,low,10,namesilo,,,13/08/2026 22:27
07040034-c3b9-4047-afc5-d24d2f7f8a08,saharan.cx,available,19.98,26.98,high,medium,7,namecheap,,,09/09/2026 20:49
ff452a30-0701-4296-937b-564af5449205,pontiff.cx,available,18.99,18.99,medium,low,7,namesilo,,,23/09/2026 21:52
7a94e28d-a4bd-48ed-a8d6-dae04ed38668,dependence.cx,available,18.99,18.99,medium,low,10,namesilo,,,17/09/2026 06:54
37da2e0a-d2b1-4a73-acb1-28d0df3695be,milfoil.cx,available,18.99,18.99,medium,low,7,namesilo,,,17/09/2026 00:37
3113bf87-f162-478c-8c32-ac7b865082a6,nightmares.cx,available,18.99,18.99,low,low,10,namesilo,,,29/09/2026 00:01
ab9161a6-47f8-4e43-be0b-3ee18c67d684,proteus.cx,available,18.99,18.99,high,low,7,namesilo,,,02/10/2026 05:02
08c276e6-55b9-4844-9a86-64bef21755cb,monotonous.cx,available,18.99,18.99,medium,low,10,namesilo,,,25/08/2026 05:30
266985ef-0e22-4a37-a2c8-850f7b5704db,suis.cx,available,19.98,26.98,medium,low,4,namecheap,,,02/10/2026 21:38
60795031-e8d7-4710-b185-7a1975a8b73e,dignitary.cx,available,18.99,18.99,high,low,9,namesilo,,,29/09/2026 14:54
10c49814-8fad-411f-8686-7f90ea3b04bf,sentimental.cx,available,18.99,18.99,high,low,11,namesilo,,,28/09/2026 03:30
88b9368a-8700-42d0-9c88-7ca53dffd188,ingenuity.cx,available,19.98,26.98,high,low,9,namecheap,,,24/09/2026 15:35
d8558360-ed1c-4221-82a2-0c79f5226248,paraguayan.cx,available,18.99,18.99,medium,low,10,namesilo,,,08/09/2026 00:55
5110d5c9-5e76-4898-941d-6660f67d3db4,liveliness.cx,available,18.99,18.99,high,low,10,namesilo,,,30/09/2026 02:30
f177b37b-7aa9-40e8-a31f-8d034a503621,lured.cx,available,19.98,26.98,medium,low,5,namecheap,,,01/10/2026 18:14
c0442a86-05a0-4e77-9732-45790c90f7f5,theist.cx,available,18.99,18.99,medium,low,6,namesilo,,,11/09/2026 12:37
9634d012-b60e-42a8-964e-002cc022f6bc,assagai.cx,available,18.99,18.99,medium,low,7,namesilo,,,20/09/2026 15:41
71fb6614-486e-41e4-b3d4-fddaaaa638be,insulated.cx,available,18.99,18.99,high,low,9,namesilo,,,02/10/2026 17:40
4597d3cf-faab-4458-a779-b9dd9d5f03f3,cappuccino.cx,available,18.99,18.99,high,low,10,namesilo,,,29/09/2026 07:24
050b4948-78f1-4cb0-9177-4dbcf36efd46,algid.cx,available,18.99,18.99,medium,low,5,namesilo,,,
ecb6bdc4-9f59-45f3-9ba5-10ed8a224c06,electron.cx,available,18.99,18.99,high,low,8,namesilo,,,29/09/2026 18:44
ca46456a-b57f-4694-97ac-f5129fe52b03,slithering.cx,available,18.99,18.99,medium,low,10,namesilo,,,10/09/2026 11:07
014e599d-8044-48c3-8c25-567b4974bae7,clemency.cx,available,18.99,18.99,high,low,8,namesilo,,,24/09/2026 15:31
4314c3d2-f9b3-4a60-acb5-2d1da904cf77,playfield.cx,available,18.99,18.99,high,low,9,namesilo,,,02/10/2026 02:59
be1aac94-6e2a-4a0b-be11-296db8c16be3,scent.cx,available,18.99,18.99,high,low,5,namesilo,,,20/09/2026 08:28
07cf3234-ec41-4278-a50d-a6bceb07ff23,weirdly.cx,available,18.99,18.99,medium,low,7,namesilo,,,16/09/2026 11:23
adf9775d-da42-4202-a997-a21fdae1b767,commode.cx,available,18.99,18.99,high,medium,7,namesilo,,,09/09/2026 00:51
3c38549d-6afb-49d7-a95c-589b76f6aaba,heiress.cx,available,19.98,26.98,high,low,7,namecheap,,,01/10/2026 02:28
c6f08eb9-88a1-414f-9d3c-8dc3dff4d383,solicit.cx,available,16.53,16.75,high,low,7,porkbun,,,27/09/2026 16:11
45c61615-89bd-4344-83f0-f502c525e38e,sabbatical.cx,available,18.99,18.99,high,low,10,namesilo,,,09/09/2026 20:30
54b73110-2b74-4b67-84c1-020264092d87,rotting.cx,available,19.98,26.98,medium,low,7,namecheap,,,29/09/2026 20:13
3e37fcfe-a5dc-44e8-bb00-a4cad53357b3,bernice.cx,available,19.98,26.98,medium,low,7,namecheap,,,28/09/2026 21:58
d5143b73-90f0-4718-9240-fdaf189f46f7,dialectal.cx,available,18.99,18.99,high,low,9,namesilo,,,14/08/2026 05:48
3212a7f4-5f23-4c0e-8deb-e15bc7c45c0b,weedy.cx,available,18.99,18.99,medium,low,5,namesilo,,,09/09/2026 23:44
39d8826b-e594-4a15-be37-31030cee392a,hep.cx,available,18.99,18.99,high,low,3,namesilo,,,21/08/2026 06:44
2ff576ef-a129-4b1f-aff3-3620bf59f8ec,throng.cx,available,18.99,18.99,high,low,6,namesilo,,,24/09/2026 17:08
36781df4-b1cb-4156-90d9-e7a6e6ddd28e,rocker.cx,available,18.99,18.99,high,low,6,namesilo,,,30/09/2026 10:59
e06630f9-4c03-45fc-aa82-628792511ed3,claimant.cx,available,19.98,26.98,high,low,8,namecheap,,,24/09/2026 15:11
98febd4a-954f-4a49-a08b-a01fc51bc032,dutchess.cx,available,19.98,26.98,high,low,8,namecheap,,,29/09/2026 21:34
58c11f80-4ede-468e-8bd4-65c23bed8a32,promissory.cx,available,18.99,18.99,medium,low,10,namesilo,,,09/09/2026 03:11
5c2b588b-bbb2-40c3-8764-26149f4d60e7,desire.cx,available,19.98,26.98,high,low,6,namecheap,,,19/09/2026 18:10
1a6a9a7f-86f8-4d71-8270-140ba01ae842,defiant.cx,available,18.99,18.99,high,medium,7,namesilo,,,13/08/2026 23:21
67271cab-d20b-4d02-8b1e-fe2169472c36,tar.cx,available,18.99,18.99,medium,low,3,namesilo,,,29/09/2026 01:06
bd48d990-2051-418f-a6d9-d7487587f92c,breastfeed.cx,available,18.99,18.99,high,low,11,namesilo,,,
1e9d9518-d480-4927-95f5-496f935df96b,stunting.cx,available,79.99,79.99,medium,low,8,name.com,,,17/09/2026 12:54
424c9c89-e31c-4746-b40a-c16184a4100e,akhbari.cx,available,18.99,18.99,medium,low,7,namesilo,,,17/09/2026 23:56
b8b0baa0-5a70-47a5-96c0-dea24faa88e6,southward.cx,available,18.99,18.99,high,medium,9,namesilo,,,10/09/2026 14:49
56468701-ab95-4057-8d5b-f1ebaa3599a1,armoire.cx,available,19.98,26.98,medium,low,7,namecheap,,,20/09/2026 07:20
bc64a14d-8e13-4257-a440-3d8930f01d02,bise.cx,available,19.98,26.98,medium,low,4,namecheap,,,23/09/2026 21:37
3a67114e-c247-4a3c-a5ac-c5f4ff260792,emptiness.cx,available,19.98,26.98,medium,low,9,namecheap,,,29/09/2026 18:45
ff27c314-6c3e-4829-af1c-1e840f45696e,actively.cx,available,19.98,26.98,medium,low,8,namecheap,,,28/09/2026 11:44
f81151c7-1f42-4351-b1fa-ef00ab74c5ed,coupled.cx,available,18.99,18.99,high,low,7,namesilo,,,12/08/2026 22:15
8eeff91c-9a3d-4b3f-8741-454633b8c652,checks.cx,available,19.98,26.98,medium,low,6,namecheap,,,25/09/2026 20:11
3f00514f-c152-4a9a-99a5-e489848f21c3,plier.cx,available,18.99,18.99,medium,low,5,namesilo,,,30/09/2026 07:03
762b85b7-131c-49e8-8c00-b99fbd258508,roquette.cx,available,19.98,26.98,high,medium,8,namecheap,,,20/09/2026 12:07
9971dc9b-c8c1-4621-be06-b11ce642a66f,welsh.cx,available,18.99,18.99,high,low,5,namesilo,,,11/08/2026 15:44
ba25d035-2879-47ea-88f9-04f95b0ab9ff,talebearer.cx,available,18.99,18.99,medium,low,10,namesilo,,,11/09/2026 10:34
e6c49e1e-fd5c-45f0-ae59-115ed0ade10f,kawasaki.cx,available,18.99,18.99,high,medium,8,namesilo,,,28/09/2026 17:33
c8559a23-8a57-4c19-a568-0b7f4b59dc70,warriors.cx,available,18.99,18.99,medium,low,8,namesilo,,,28/09/2026 04:57
392c7172-648c-4810-9de8-020960039f24,rudimentary.cx,available,18.99,18.99,high,low,11,namesilo,,,01/10/2026 13:29
4b73ccfe-8eb2-4835-9c2f-da11603f2dc3,cabot.cx,available,18.99,18.99,medium,low,5,namesilo,,,30/09/2026 08:53
3b4e11c0-dcf4-4693-88c8-f709bd037aeb,spices.cx,available,17.66,17.66,medium,low,6,dynadot,,,28/09/2026 23:41
55201dd6-f236-4dc6-b3e6-9919d15ba77f,wednesdays.cx,available,17.66,17.66,high,low,10,dynadot,,,02/10/2026 21:05
de7da256-ad97-4a82-911d-58390c71dbe0,conspired.cx,available,18.99,18.99,low,low,9,namesilo,,,02/10/2026 23:11
ef669343-2fa5-4528-9294-6526253883fe,penniless.cx,available,18.99,18.99,medium,low,9,namesilo,,,21/08/2026 00:34
f2dc22e1-1127-44a8-87ae-601d37900783,pickens.cx,available,18.99,18.99,medium,low,7,namesilo,,,29/09/2026 10:02
2e24838a-91cd-404c-84f8-6c0028938a49,attosecond.cx,available,18.99,18.99,medium,low,10,namesilo,,,21/09/2026 02:11
2e669ebe-f53b-480c-845b-23ddf5d76254,torn.cx,available,18.99,18.99,high,low,4,namesilo,,,25/09/2026 16:39
123320e2-bc88-45bb-8392-321e22d1ca55,amylum.cx,available,19.98,26.98,medium,low,6,namecheap,,,19/09/2026 00:32
00debb01-8825-4b8e-aef2-3b7bd491e7fe,foliated.cx,available,18.99,18.99,medium,low,8,namesilo,,,08/09/2026 09:20
9b90b4e3-27db-4513-bd8c-d84c8192b7cc,monatomic.cx,available,18.99,18.99,medium,low,9,namesilo,,,25/08/2026 04:12
6136cc8c-7b65-4e1f-b4e2-a41d35b1938c,asphodel.cx,available,18.99,18.99,medium,low,8,namesilo,,,20/09/2026 15:08
8f30453e-6570-4d2d-aacf-9b393d2b0467,participle.cx,available,18.99,18.99,medium,low,10,namesilo,,,08/09/2026 02:05
1cc66864-a6a1-4a38-8032-b6f4cd29c9f9,acidosis.cx,available,18.99,18.99,medium,low,8,namesilo,,,17/09/2026 01:28
153e6b06-9ac2-4c29-a9bc-6f378ca5ca7f,grasshopper.cx,available,18.99,18.99,high,low,11,namesilo,,,30/09/2026 11:34
21770708-87e6-45e3-94d6-4dc4b857e477,variation.cx,available,18.99,18.99,high,low,9,namesilo,,,03/09/2026 11:43
5baf27fb-0261-4c14-b367-e8f437b6b93d,untanned.cx,available,19.98,26.98,medium,low,8,namecheap,,,12/09/2026 21:00
dd18421a-d2fc-41cd-a1cd-3e653857be11,annon.cx,available,18.99,18.99,medium,low,5,namesilo,,,19/09/2026 10:29
bcba72f1-2d97-4f52-9e11-fc6551e2592d,adverbs.cx,available,18.99,18.99,medium,low,7,namesilo,,,18/09/2026 21:42
2040bac8-7351-404b-957c-e8207f93c491,remorse.cx,available,17.66,17.66,medium,low,7,dynadot,,,29/09/2026 00:28
2953034b-fe56-4bae-aac1-135b2d0a8e90,unplanned.cx,available,18.99,18.99,medium,low,9,namesilo,,,12/09/2026 16:51
2824adc6-a4b5-4d99-9805-2dd651884907,issa.cx,available,19.98,26.98,high,low,4,namecheap,,,30/09/2026 20:12
a5e13f36-97bb-4d39-b4b6-327816afddc5,contracted.cx,available,18.99,18.99,medium,low,10,namesilo,,,23/09/2026 22:26
15c327ca-e5f4-4de3-b5a7-7c71cc1d2637,touch.cx,resell,,,high,low,5,West263 International Limited,11/01/2025 13:21,11/01/2027 13:21,28/09/2026 09:25
dbe7263e-989d-42b6-ad74-289cb01859f2,faults.cx,available,16.53,16.75,medium,low,6,porkbun,,,29/09/2026 11:04
06dda494-aee9-4674-89d5-1b625df671f2,mbc.cx,available,18.99,18.99,high,low,3,namesilo,,,01/10/2026 07:39
1aff25ad-4f84-4eb0-84ac-26e02c95235d,primeval.cx,available,18.99,18.99,high,low,8,namesilo,,,09/09/2026 02:02
2ffc632f-7bae-4377-a1f4-2ee29d070559,defining.cx,available,18.99,18.99,high,low,8,namesilo,,,10/09/2026 06:00
ad5da92c-f8ed-4e40-afa6-3cc057a48cb4,abbeville.cx,available,18.99,18.99,medium,low,9,namesilo,,,30/09/2026 20:53
60e065b0-a4ee-48a7-8633-317305983ae5,androgyne.cx,available,18.99,18.99,medium,low,9,namesilo,,,17/08/2026 10:38
2b7218a8-8847-4346-853f-6f83ffd27c2a,rodent.cx,available,19.98,26.98,medium,low,6,namecheap,,,29/09/2026 19:04
97a192e7-fe1e-4035-b08a-223331ba145f,wakening.cx,available,18.99,18.99,high,low,8,namesilo,,,28/09/2026 23:37
6f324c6b-b5ac-4ab1-82ee-fd7dda535ba9,tical.cx,available,19.98,26.98,high,low,5,namecheap,,,21/09/2026 18:48
386c0df0-4426-4274-b216-5796bb9682e5,clarksburg.cx,available,18.99,18.99,high,low,10,namesilo,,,02/10/2026 14:39
6ae9a5be-9706-4ead-80d9-bcf88af85488,unguided.cx,available,18.99,18.99,medium,low,8,namesilo,,,12/09/2026 11:41
55ba2402-eefb-4272-902d-3fa6c067ce50,academical.cx,available,18.99,18.99,high,low,10,namesilo,,,01/10/2026 22:17
e19b08e4-1b0b-47fd-b034-aba8a67ede60,approver.cx,available,18.99,18.99,medium,low,8,namesilo,,,19/09/2026 22:24
519a191b-f7d9-4fd4-a29a-4bebb38efef8,plo.cx,available,18.99,18.99,medium,low,3,namesilo,,,28/09/2026 10:40
f4017e01-babc-462b-a7ba-075dfc5c7b79,bravery.cx,available,26.98,,high,low,7,namecheap,,,29/09/2026 04:02
c7962a93-b693-4023-8c1c-89f347564261,olives.cx,available,18.99,18.99,medium,low,6,namesilo,,,20/09/2026 04:34
3fa97a75-281e-4f9f-af45-5d2b0789723e,dogmatic.cx,available,18.99,18.99,medium,low,8,namesilo,,,14/08/2026 15:09
1bde32f5-12ec-4041-b420-b612a7063dd3,categorical.cx,available,18.99,18.99,high,low,11,namesilo,,,02/10/2026 00:30
2b11448e-0873-4b0e-93cf-cfd1a1926994,forced.cx,available,19.98,26.98,high,low,6,namecheap,,,23/09/2026 21:10
7ccbbc3e-17b3-43c6-aa22-ecde07129d54,hedonic.cx,available,18.99,18.99,medium,low,7,namesilo,,,21/08/2026 05:52
9ea9e4c8-c3e1-469d-b0c0-40a519bb71c6,piratical.cx,available,19.98,26.98,high,medium,9,namecheap,,,08/09/2026 19:58
6ec2293e-4fb5-41d3-8708-88d9403c9599,vanquish.cx,available,18.99,18.99,high,low,8,namesilo,,,09/08/2026 05:32
e420b120-53aa-474b-a4de-62ffa69e7b71,hatching.cx,available,18.99,18.99,high,low,8,namesilo,,,01/10/2026 01:37
5c4063cc-0eef-4438-b529-ecaee222ae27,dayton.cx,available,19.98,26.98,high,low,6,namecheap,,,30/09/2026 01:15
5979c44f-629d-4411-9983-a51235d72f5a,tiger.cx,resell,,,high,medium,5,West263 International Limited,23/12/2024 02:07,23/12/2026 02:07,26/09/2026 09:38
259b515d-9644-480f-a8d9-d5c249eb861c,carolingian.cx,available,19.98,26.98,medium,low,11,namecheap,,,29/09/2026 21:19
92d141ba-4eb7-4f61-9163-d5787e54003c,madness.cx,available,18.99,18.99,high,low,7,namesilo,,,27/09/2026 04:07
d1fcb337-facb-45a7-b11f-694745e344ff,semisolid.cx,available,18.99,18.99,medium,low,9,namesilo,,,10/09/2026 03:26
f5934ece-834f-467e-a557-31e5c985e5cb,polysemous.cx,available,18.99,18.99,medium,low,10,namesilo,,,08/09/2026 23:31
d117724c-0461-4e13-afde-c6c100d79c8b,infatuated.cx,available,19.98,26.98,high,low,10,namecheap,,,16/08/2026 21:11
71c4914a-9916-421a-8d1d-db19c2d72b39,chapter.cx,available,18.99,18.99,high,low,7,namesilo,,,24/09/2026 13:43
7fdcc432-d459-42cb-8fa2-d157c72ee39d,epidural.cx,available,18.99,18.99,high,low,8,namesilo,,,17/08/2026 10:52
cb374a04-5079-4f63-9674-8fc994aab05e,evaluated.cx,available,18.99,18.99,medium,low,9,namesilo,,,01/10/2026 16:32
f976b75a-e6c2-41de-aacf-520153b26332,vitality.cx,available,18.99,18.99,high,low,8,namesilo,,,30/09/2026 17:08
be6a6e23-9e9b-4d4b-9617-39253d02bc62,aliens.cx,available,19.98,26.98,high,low,6,namecheap,,,19/09/2026 19:25
f9bc7622-24b9-48eb-9cc5-0e2926c15389,rubbishy.cx,available,19.98,26.98,high,medium,8,namecheap,,,09/09/2026 19:16
a7de1cd9-50ed-4405-8a24-72234b242ebf,immutably.cx,available,18.99,18.99,medium,low,9,namesilo,,,15/09/2026 02:06
09911998-5ec4-4e71-b9f1-c2a9aacd9452,anchovy.cx,available,18.99,18.99,high,low,7,namesilo,,,19/09/2026 03:46
67acafaf-1ddc-4a32-97d7-dab740067cd8,occidental.cx,available,18.99,18.99,medium,low,10,namesilo,,,21/08/2026 07:25
e6dbdd4d-cd33-497a-a653-83664f5c7185,mollify.cx,available,18.99,18.99,high,low,7,namesilo,,,18/08/2026 22:10
3a8ebfc8-e419-45b7-9e1d-269fbcfd08a5,restive.cx,available,18.99,18.99,medium,low,7,namesilo,,,15/08/2026 09:28
b57a0c74-8e88-447f-ade9-da8320fbbea1,icebound.cx,available,18.99,18.99,medium,low,8,namesilo,,,21/08/2026 17:43
fc91df2b-aff2-4ea5-8d7d-f7b3dc2d22bd,ike.cx,available,18.99,18.99,high,low,3,namesilo,,,29/09/2026 17:21
694a6c00-8a2f-4f16-b4b3-041a03ea2c56,elmhurst.cx,available,18.99,18.99,medium,low,8,namesilo,,,02/10/2026 01:13
949f9967-eb41-42a3-acec-792cb72f25af,velasquez.cx,available,19.98,26.98,medium,low,9,namecheap,,,01/10/2026 11:23
f753c848-3b51-4c02-adfc-ddc55e386a74,mcwilliams.cx,available,18.99,18.99,medium,low,10,namesilo,,,02/10/2026 01:12
42649cde-e928-45ad-867a-f40a12fc8d8e,spades.cx,available,18.99,18.99,high,low,6,namesilo,,,30/09/2026 14:16
94f6af41-8be2-481a-9e81-cac8de9ae8c0,recession.cx,available,18.99,18.99,high,low,9,namesilo,,,27/09/2026 10:55
60ab0ade-440b-41a5-87f7-c23644850446,marketable.cx,available,18.99,18.99,high,low,10,namesilo,,,24/08/2026 16:04
b9377b2f-6e4f-4c8f-a4c4-3eeb224da16d,parking.cx,available,18.99,18.99,high,low,7,namesilo,,,25/09/2026 23:56
c1d80de1-ee19-4783-a9cc-2b39adeb124d,casualty.cx,available,18.99,18.99,medium,low,8,namesilo,,,28/09/2026 18:35
33c5edc1-0e97-4a67-b84a-baf49e62bea9,daylong.cx,available,79.99,79.99,medium,low,7,name.com,,,13/08/2026 18:51
39b0bd99-f88c-491b-ae8f-8123302885e5,bette.cx,available,18.99,18.99,medium,low,5,namesilo,,,29/09/2026 15:28
1b5d5884-45c7-446a-b075-42cdcba2959f,participation.cx,available,18.99,18.99,high,low,13,namesilo,,,28/09/2026 22:50
f8dae7e1-dc37-40d6-b07f-39f4f1f2356c,thinks.cx,available,18.99,18.99,high,low,6,namesilo,,,18/09/2026 15:23
76244086-b062-4cff-9321-565ec8153b16,agitation.cx,available,19.98,26.98,medium,low,9,namecheap,,,17/09/2026 18:06
99f1803b-77dd-46d3-b6a1-690cdbde3e46,breaker.cx,available,18.99,18.99,high,low,7,namesilo,,,24/09/2026 08:24
418f823d-c718-4acc-9ae1-e7b6dcd51d01,wounding.cx,available,19.98,26.98,medium,low,8,namecheap,,,10/09/2026 17:53
a68abf21-c339-486c-a4a9-7d8f19f4517b,land.cx,available,18.99,18.99,high,low,4,namesilo,,,
05cbb7e2-c2ec-4a81-a842-9c362d668785,sorensen.cx,available,18.99,18.99,high,low,8,namesilo,,,30/09/2026 02:56
ec4cc7f6-53f2-479b-9ad2-eea56eb54e31,comb.cx,available,18.99,18.99,high,low,4,namesilo,,,24/09/2026 16:22
084ca38b-feac-4de5-a346-1565d64c0fa5,nisbet.cx,available,18.99,18.99,medium,low,6,namesilo,,,03/10/2026 04:04
f1af497a-fd1d-43db-972d-70fb4934a55c,boca.cx,available,18.99,18.99,high,low,4,namesilo,,,30/09/2026 05:21
c02711d1-8739-4318-afa9-19b9bf91a0e3,glassed.cx,available,18.99,18.99,medium,low,7,namesilo,,,20/08/2026 14:07
af4d5eb3-2bc6-41f6-9f0c-fe54ca87829b,catkinate.cx,available,18.99,18.99,medium,low,9,namesilo,,,11/08/2026 22:09
61e4a0be-7f8d-49a1-8953-f28853273c14,stilwell.cx,available,19.98,26.98,medium,low,8,namecheap,,,01/10/2026 20:11
c70b5798-8e54-49fa-8d67-dd18f19b52ba,contacted.cx,available,18.99,18.99,medium,low,9,namesilo,,,28/09/2026 00:26
73201c9c-1ade-45df-b4db-6dba1d3510b0,legrand.cx,available,18.99,18.99,high,medium,7,namesilo,,,02/10/2026 12:05
7b399641-8ec4-4c96-acbc-3ce98d1c9e2f,cutting.cx,available,79.99,79.99,high,low,7,name.com,,,13/08/2026 13:12
804c6ae9-34aa-4fb9-99b8-deee7bb11b00,mystified.cx,available,19.98,26.98,medium,low,9,namecheap,,,24/08/2026 21:32
2895308b-0154-4a5d-bf3d-ce984d16fb23,primaries.cx,available,18.99,18.99,medium,low,9,namesilo,,,02/10/2026 12:50
1a3c9d19-38a3-401c-8a8f-d8013844b8e0,siblings.cx,available,18.99,18.99,medium,low,8,namesilo,,,29/09/2026 10:27
376dd205-54a2-4332-b8a6-22883cc5b1ec,seductive.cx,available,18.99,18.99,high,low,9,namesilo,,,10/09/2026 01:39
d6cbe3ab-f055-4b51-b850-4e31d42036e5,pendent.cx,available,18.99,18.99,medium,low,7,namesilo,,,08/09/2026 14:07
40e72c84-af0f-4126-8ff8-1daa403e62d0,sherry.cx,available,16.53,16.75,medium,low,6,porkbun,,,28/09/2026 15:20
3d674d2e-2295-4894-8981-ec0e7f406c37,herbicide.cx,available,18.99,18.99,medium,low,9,namesilo,,,30/09/2026 17:35
ee23b7b6-a09b-4efd-a326-b7ceb8c44f94,corned.cx,available,18.99,18.99,medium,low,6,namesilo,,,13/08/2026 01:33
f0593dd9-27dc-403e-ae45-cd433aef52e7,stubborn.cx,available,19.98,26.98,high,low,8,namecheap,,,25/09/2026 23:51
b333f4a0-95ee-41c2-adb4-b07b0f3d0e31,mcgill.cx,available,18.99,18.99,high,low,6,namesilo,,,25/09/2026 15:23
55c06900-61e8-4efa-883b-a83f4e26885e,airframe.cx,available,18.99,18.99,high,low,8,namesilo,,,17/09/2026 23:10
24549eaf-0e46-4e62-ac2c-dc389d56e826,colly.cx,available,18.99,18.99,medium,low,5,namesilo,,,14/08/2026 09:17
ed2c4caf-c107-417b-9898-dd38a4530048,suzy.cx,available,18.99,18.99,high,low,4,namesilo,,,01/10/2026 07:57
e53eb3f1-6f45-4762-b42c-fbc6ccad59dc,leftover.cx,available,18.99,18.99,high,low,8,namesilo,,,22/08/2026 22:41
e1831f5b-8aed-42f8-bedd-84b5da4c7880,steeply.cx,available,18.99,18.99,medium,low,7,namesilo,,,16/09/2026 06:59
04e599b6-d3fb-4e79-85b9-713171d1f339,beverages.cx,available,16.53,16.75,medium,low,9,porkbun,,,30/09/2026 06:27
0f110187-6e16-42f1-bc9d-b437db4588e0,chu.cx,available,18.99,18.99,medium,low,3,namesilo,,,25/09/2026 12:27
c97df622-ecbb-4d3a-a5db-617eabe9f1c4,climbed.cx,available,17.66,17.66,low,low,7,dynadot,,,28/09/2026 08:46
692227d3-dad4-4820-bb74-e2a07de7cb8f,neva.cx,available,19.98,26.98,high,low,4,namecheap,,,30/09/2026 18:10
a4a8c06a-1439-4975-a2a4-789575c4f82b,colorful.cx,available,19.98,26.98,high,low,8,namecheap,,,12/08/2026 17:48
7bef204a-d6c2-450c-9267-76c32caa8517,birthdays.cx,available,18.99,18.99,medium,low,9,namesilo,,,02/10/2026 22:50
4990e776-2fce-4bb5-94e8-08c4752cc63e,anglia.cx,available,19.98,26.98,medium,low,6,namecheap,,,19/09/2026 06:45
d70e3d0f-f0a2-4ab1-ae45-526a4e0b44a3,tantric.cx,available,18.99,18.99,high,low,7,namesilo,,,11/09/2026 08:05
917e99fb-7ad6-4a78-b001-983ecd3eb16b,bouffant.cx,available,19.98,26.98,high,low,8,namecheap,,,10/08/2026 21:32
7177e4fd-240f-4af9-9a67-355eabe4cca7,fusion.cx,resell,,,high,medium,6,,,,29/09/2026 01:03
8881620c-a6f2-43c0-807c-61a0861781eb,visibly.cx,available,19.98,26.98,medium,low,7,namecheap,,,16/09/2026 11:04
766e43d6-ffeb-42e6-94c7-9e53df1f886f,ambled.cx,available,18.99,18.99,medium,low,6,namesilo,,,20/09/2026 05:58
21c02914-0305-4e07-b843-1f0ea4c18460,enabling.cx,available,19.98,26.98,high,low,8,namecheap,,,16/08/2026 21:07
bbfe0017-1404-447e-9581-0bed788e6331,robustly.cx,available,18.99,18.99,medium,low,8,namesilo,,,15/09/2026 23:57
2c5e3d1d-23de-41ce-87b1-45c6e03e61ba,bassoonist.cx,available,18.99,18.99,medium,low,10,namesilo,,,22/09/2026 12:33
33a77827-707a-4c9b-a9cf-91c07ea07cae,rutland.cx,available,18.99,18.99,medium,low,7,namesilo,,,27/09/2026 05:16
343dc8c5-a15e-447f-934b-087bfe6bf2de,inspectors.cx,available,18.99,18.99,medium,low,10,namesilo,,,01/10/2026 17:30
fb8edfeb-76c8-4b25-9a01-9d10f84a6c18,loathing.cx,available,79.99,79.99,medium,low,8,name.com,,,16/09/2026 15:27
b94d204f-973b-42c5-8894-c4b35bdf06bf,revised.cx,available,17.66,17.66,high,low,7,dynadot,,,27/09/2026 14:32
2903e8ac-0f53-4dc6-a4f6-e001cbc8220d,roving.cx,available,18.99,18.99,high,low,6,namesilo,,,25/08/2026 02:22
4af66a52-79dd-4c7e-957e-0c90aa330b73,cherubic.cx,available,18.99,18.99,high,low,8,namesilo,,,12/08/2026 04:25
75cdd9fa-d42b-428c-a514-2035d5be97f2,excuse.cx,available,18.99,18.99,high,low,6,namesilo,,,25/09/2026 22:39
d6add15f-67f2-451a-9547-90a8b80f4a49,gidgee.cx,available,19.98,26.98,medium,low,6,namecheap,,,16/09/2026 20:01
e743b1b5-2c3b-42fa-8cab-0b5a341a7821,obstruction.cx,available,18.99,18.99,medium,low,11,namesilo,,,28/09/2026 17:02
f732cef6-a228-472b-a7f3-02e3daf30e15,alterations.cx,available,18.99,18.99,medium,low,11,namesilo,,,30/09/2026 15:39
92833619-17d8-465a-bd20-82fe2f9aafe8,grandfathers.cx,available,18.99,18.99,medium,low,12,namesilo,,,20/09/2026 22:52
b3a0a293-2486-4394-b8b7-68c61e6be9f1,fulminant.cx,available,19.98,26.98,medium,low,9,namecheap,,,18/08/2026 18:18
18af94e5-481f-414b-a699-b795e3b3d505,ismael.cx,available,19.98,26.98,medium,low,6,namecheap,,,03/10/2026 05:05
eebd6c2d-f0d6-4287-8784-c0aff9e6005b,rawlins.cx,available,18.99,18.99,high,low,7,namesilo,,,01/10/2026 12:10
db4ae06f-7fdf-47c1-9c9b-30512abc0034,clermont.cx,available,18.99,18.99,high,low,8,namesilo,,,28/09/2026 22:20
f5b53033-2227-4915-a8d3-d3a9766315bb,moderately.cx,available,18.99,18.99,medium,low,10,namesilo,,,25/09/2026 12:00
a81e4b87-c143-4bcf-a46e-a204c91ea789,donaldson.cx,available,18.99,18.99,medium,low,9,namesilo,,,27/09/2026 01:45
26ccc402-edb3-4482-9f91-603d712022f9,crunch.cx,resell,,,high,low,6,CentralNic Ltd,01/05/2026 23:35,01/05/2027 23:35,26/09/2026 05:21
8f69d551-8aa0-460a-92c3-d2df49f1ba13,screechy.cx,available,18.99,18.99,medium,low,8,namesilo,,,10/09/2026 00:01
b665e5a6-baef-497c-9692-317931c24983,aroused.cx,available,18.99,18.99,high,low,7,namesilo,,,
34203b3d-2e4c-4164-9093-cee8bc258c9b,anchorage.cx,available,19.98,26.98,high,low,9,namecheap,,,19/09/2026 03:43
723ea448-f050-4320-a5c5-17e037caa2da,elise.cx,available,16.53,16.75,medium,low,5,porkbun,,,28/09/2026 21:52
c572ff11-520b-400c-bd1f-c78658d3b893,gadolinium.cx,available,18.99,18.99,medium,low,10,namesilo,,,20/09/2026 23:27
bf3df09d-2ef4-4b52-91b2-84e101996ce7,profiles.cx,available,18.99,18.99,high,low,8,namesilo,,,30/09/2026 15:45
1f317fed-89a5-470d-ba69-e6a8bbdd1c61,rockford.cx,available,19.98,26.98,high,low,8,namecheap,,,27/09/2026 15:41
6e25af81-19b7-48c5-a734-2986016c9997,morrison.cx,available,18.99,18.99,high,low,8,namesilo,,,25/09/2026 04:14
7e6f2872-6fd4-48e7-8055-383c1538bd94,miffed.cx,available,18.99,18.99,medium,low,6,namesilo,,,
331727b1-f150-4de5-8f0d-1b504b865c66,lissom.cx,available,18.99,18.99,medium,low,6,namesilo,,,23/08/2026 23:41
5bd06cff-9a60-46dd-92c5-a54dd8229b6b,depicted.cx,available,18.99,18.99,medium,low,8,namesilo,,,14/08/2026 02:12
1770b330-feab-46b9-a1df-e2814fcf0944,woody.cx,available,18.99,18.99,high,low,5,namesilo,,,06/08/2026 13:08
eec0e3d8-339f-40de-9e35-88f703ee8e05,originally.cx,available,18.99,18.99,high,low,10,namesilo,,,15/09/2026 07:14
2751091c-4b10-4e2a-9157-6344ffd0e158,itu.cx,available,19.98,26.98,high,high,3,namecheap,,,28/09/2026 21:07
8af15810-3dfd-450f-96e9-007697af2335,themselves.cx,available,19.98,26.98,medium,low,10,namecheap,,,25/09/2026 16:52
94faee8a-0861-4b44-a651-ee987b03738d,arminius.cx,available,18.99,18.99,medium,low,8,namesilo,,,20/09/2026 07:08
e31337ff-27db-4f4e-a4a2-a78283e55e86,resulting.cx,available,19.98,26.98,high,low,9,namecheap,,,29/09/2026 10:42
b16fe16d-30bd-451f-9fe7-c12ca62f9a5c,tops.cx,available,19.98,26.98,high,low,4,namecheap,,,27/09/2026 21:56
b3d59661-8e16-4904-8b6f-b94222500076,expound.cx,available,18.99,18.99,high,low,7,namesilo,,,16/08/2026 00:37
389b1f08-c85e-4bc9-8be2-3608e7986e28,blown.cx,available,18.99,18.99,medium,low,5,namesilo,,,10/08/2026 15:36
a2c5af47-1257-442f-a61d-fed0fb9001a6,awol.cx,available,18.99,18.99,high,low,4,namesilo,,,08/08/2026 01:46
6ee53961-aee9-4a74-a68f-ae6b94b3d60f,diggs.cx,available,18.99,18.99,medium,low,5,namesilo,,,02/10/2026 09:46
9db4ef3a-5382-42ec-80a8-a9eacd5608db,grief.cx,available,18.99,18.99,high,low,5,namesilo,,,24/09/2026 10:39
11012450-faa7-457b-8d19-0d3f232cbcce,fruiting.cx,available,18.99,18.99,medium,low,8,namesilo,,,18/08/2026 17:04
418edee9-5477-417e-83f6-fff78acec4dc,nimitz.cx,available,18.99,18.99,medium,low,6,namesilo,,,17/09/2026 08:52
416ac63d-8679-4e58-a4c5-10cd76e604e4,placenta.cx,available,18.99,18.99,high,low,8,namesilo,,,02/10/2026 16:24
5f83c824-f17f-4b04-943b-179af5736bef,defend.cx,available,18.99,18.99,high,low,6,namesilo,,,23/09/2026 13:40
866aaf4f-7ea9-446f-84cc-dc19d9afcf55,block.cx,resell,,,high,low,5,West263 International Limited,06/09/2019 13:59,06/09/2027 13:59,28/09/2026 23:15
c2ae673d-36de-4e95-a6b1-e8de05acec6a,urethral.cx,available,18.99,18.99,medium,low,8,namesilo,,,12/09/2026 23:35
231e9242-177f-481b-ac0c-7d0414cb5604,consensual.cx,available,18.99,18.99,high,low,10,namesilo,,,12/08/2026 22:31
0d2275f7-4f42-4cfa-9f30-b64afbe4be3f,quartz.cx,available,18.99,18.99,high,low,6,namesilo,,,30/09/2026 10:24
b2e85dca-9e82-495d-8599-ccfc49331a72,kuomintang.cx,available,19.98,26.98,medium,low,10,namecheap,,,28/09/2026 14:23
d2bde964-534f-4d80-9835-0c79e7231261,otago.cx,available,19.98,26.98,high,low,5,namecheap,,,29/09/2026 22:17
4ff28607-ea42-4138-9eea-a8fc4a7002a6,andantino.cx,available,18.99,18.99,medium,low,9,namesilo,,,
97db6bc4-9ca2-44d7-a059-081e16f2b915,soldier.cx,available,18.99,18.99,high,low,7,namesilo,,,30/09/2026 11:28
dc1abb1c-524f-43ac-aed8-df8851d4fc62,chas.cx,available,19.98,26.98,medium,low,4,namecheap,,,28/09/2026 21:45
c948758e-969e-414a-bcb6-4bc16746f82f,laps.cx,available,,,medium,low,4,,,,29/09/2026 05:29
9dd915a2-53ca-4e73-a8c2-45ae62d2dc47,escapade.cx,available,19.98,26.98,high,low,8,namecheap,,,17/09/2026 10:37
1882ca4c-a2dd-4dbf-916f-a2b7f367ebea,plunge.cx,available,19.98,26.98,high,low,6,namecheap,,,10/09/2026 19:52
3b369736-40d1-4661-974e-e9763ccd7af7,afloat.cx,available,16.53,16.75,high,low,6,porkbun,,,01/10/2026 01:51
614e6c0d-0c87-44bd-921d-7e0d28ad0645,allegro.cx,available,18.99,18.99,high,low,7,namesilo,,,22/09/2026 01:21
1aa4ff4a-98bb-4dee-88c5-192deaf502ef,abelia.cx,available,18.99,18.99,medium,low,6,namesilo,,,16/09/2026 15:02
d94b73fd-0694-462a-8c12-2eccd35b2051,starring.cx,available,16.53,16.75,medium,low,8,porkbun,,,28/09/2026 22:41
3b792fb6-2906-4d63-8ea0-570884aaad0b,changer.cx,available,18.99,18.99,high,low,7,namesilo,,,21/09/2026 05:31
d8a2853f-fddd-40d9-ac99-82981ae3be1e,samuelson.cx,available,18.99,18.99,medium,low,9,namesilo,,,01/10/2026 08:08
bbf0c231-7a1d-4cf9-9f50-450985ded39e,nathaniel.cx,available,19.98,26.98,medium,low,9,namecheap,,,25/09/2026 14:50
cbff309c-24a9-45f9-839a-56496c0ccf89,hedge.cx,resell,,,high,low,5,West263 International Limited,30/07/2025 19:39,30/07/2027 19:39,29/09/2026 22:33
227b1a9f-e675-42c0-ad14-099093f4391e,clxv.cx,available,18.99,18.99,medium,low,4,namesilo,,,
cefa69ba-a29b-4afb-a2f5-6f314a820452,courtroom.cx,available,18.99,18.99,high,low,9,namesilo,,,29/09/2026 11:50
405b88fe-9623-41b5-b14c-36799177887e,bootlicker.cx,available,19.98,26.98,medium,low,10,namecheap,,,19/09/2026 21:12
dd6f1354-46c0-4999-a621-c050fa89a404,portion.cx,available,19.98,26.98,high,low,7,namecheap,,,15/09/2026 19:05
a2be0e99-5a83-4bdd-95d9-6b72493ad7ed,barbu.cx,available,18.99,18.99,medium,low,5,namesilo,,,22/09/2026 05:04
5dd814d6-045e-4b0f-a1cb-232cc96ea798,distance.cx,available,19.98,26.98,high,low,8,namecheap,,,28/09/2026 20:43
6d6d2963-6134-49b9-acb4-87deaf09bc4e,hezbollah.cx,available,17.66,17.66,medium,low,9,dynadot,,,29/09/2026 07:16
66c8a4f6-a0ab-4ca1-b904-9e0660cb5180,accepted.cx,available,18.99,18.99,high,low,8,namesilo,,,21/09/2026 15:25
52be4176-19db-4781-8e86-793958efa5f9,trigonal.cx,available,18.99,18.99,medium,low,8,namesilo,,,09/09/2026 16:45
07780d86-8837-4218-8be8-92bc90e7352d,tabular.cx,available,18.99,18.99,high,low,7,namesilo,,,11/09/2026 06:55
f407fdd3-a83a-4ef4-ba50-2a50ce1b9c63,stalking.cx,available,19.98,26.98,medium,low,8,namecheap,,,28/09/2026 20:33
f334b5d5-54c8-4d57-a583-3ae2ccc01166,snooty.cx,available,19.98,26.98,medium,low,6,namecheap,,,09/08/2026 20:39
359c3906-a346-45ef-88e8-7c670e6b75cd,pubescent.cx,available,18.99,18.99,medium,low,9,namesilo,,,09/09/2026 05:15
9a9b5302-17bc-44a6-993b-dd417d2b353e,touring.cx,available,18.99,18.99,high,low,7,namesilo,,,30/09/2026 21:53
778ce9e8-fdad-4323-b679-9be0e55c7cd8,unsteady.cx,available,18.99,18.99,medium,low,8,namesilo,,,12/09/2026 10:21
1fd21a5a-7a5c-4da5-88cc-ab0694fb2f7f,tehran.cx,available,18.99,18.99,high,low,6,namesilo,,,25/09/2026 22:03
6e026c2e-91fc-45fb-95d5-3f3b3c3bc73c,pda.cx,available,18.99,18.99,high,low,3,namesilo,,,01/10/2026 21:15
2c6c61b2-8424-4fdf-8d41-a0905c144ca0,cuteness.cx,available,18.99,18.99,high,low,8,namesilo,,,24/09/2026 20:43
1e71a2d3-5b68-43d0-a607-11a7f9c26e8e,beltway.cx,available,19.98,26.98,high,low,7,namecheap,,,23/09/2026 07:15
346fdc59-d87f-436e-a13d-76355fa011ac,tantalize.cx,available,19.98,26.98,medium,low,9,namecheap,,,21/09/2026 19:52
567a22d3-e3de-493a-8e0d-aa187130f65c,reunited.cx,available,18.99,18.99,high,low,8,namesilo,,,30/09/2026 08:00
9755ed37-e4fe-4931-ab60-5440b56ec8d1,orinoco.cx,available,17.66,17.66,high,low,7,dynadot,,,30/09/2026 18:15
9ffee210-3c32-4782-886b-d3b57f47ecf6,spontaneity.cx,available,19.98,26.98,high,low,11,namecheap,,,02/10/2026 18:36
f63b29cb-024b-421c-b8fe-eb8a65752cab,caius.cx,available,17.66,17.66,medium,low,5,dynadot,,,30/09/2026 20:06
d77a4de1-a27c-4247-9bc0-50687f11c8b9,israelite.cx,available,18.99,18.99,medium,low,9,namesilo,,,29/09/2026 01:21
bb9235b1-419e-4458-a75b-d9dd8dd6fe2a,acrogen.cx,available,18.99,18.99,medium,low,7,namesilo,,,17/09/2026 03:44
c0e56572-0ca4-4625-a11a-a1582401cd74,sisal.cx,available,79.99,79.99,medium,low,5,name.com,,,17/09/2026 16:39
12171691-d466-4606-b091-58833e6eeec5,astheny.cx,available,19.98,26.98,low,low,7,namecheap,,,20/09/2026 17:17
3aff85bf-6e26-427c-8308-2bafbe245750,architecture.cx,available,18.99,18.99,high,low,12,namesilo,,,28/09/2026 17:04
f3a66429-89e8-46dd-9add-b963161b1c4d,feetfirst.cx,available,19.98,26.98,medium,low,9,namecheap,,,14/09/2026 18:20
239fe85c-6279-410a-bf01-0c6ea04879f1,sdk.cx,available,18.99,18.99,high,low,3,namesilo,,,03/10/2026 02:48
d44df0e1-d7e5-4864-9aab-34a44ad59f50,apodictic.cx,available,18.99,18.99,medium,low,9,namesilo,,,06/08/2026 01:27
0460a34b-ae81-4e81-87b9-2f68eede3a02,betsy.cx,available,18.99,18.99,medium,low,5,namesilo,,,27/09/2026 07:40
97f5e18b-2512-4a48-a5f2-c862db0db659,addled.cx,available,19.98,26.98,medium,low,6,namecheap,,,
a5223c65-de20-4320-a62a-905e2a6ae55b,linnaeus.cx,available,18.99,18.99,medium,low,8,namesilo,,,28/09/2026 05:24
63118853-f9a0-4ef1-bc91-a33abf49395d,cyanide.cx,available,19.98,26.98,medium,low,7,namecheap,,,30/09/2026 09:19
8e23d5a7-1479-495e-b551-cba988c3f982,liability.cx,available,19.98,26.98,high,low,9,namecheap,,,28/09/2026 09:46
94d52af6-779f-423b-b906-c209367866a0,payoff.cx,available,16.53,16.75,medium,low,7,porkbun,,,29/09/2026 11:46
fe55098f-8b25-4e0c-bd61-28d2f5388b11,electoral.cx,available,18.99,18.99,medium,low,9,namesilo,,,16/08/2026 02:37
a273b387-0906-4019-a4e4-90fb203bd259,paved.cx,available,18.99,18.99,high,low,5,namesilo,,,08/09/2026 10:53
4d9be7a9-37d7-47ed-8285-d69441fa483b,vowel.cx,available,16.53,16.75,high,low,5,porkbun,,,29/09/2026 20:36
3841d0c3-ad2f-4019-ba61-3bb832c6e547,brake.cx,available,19.98,26.98,medium,low,5,namecheap,,,24/09/2026 08:06
0c892d1c-1d77-4157-98e7-a980dde264b9,grenadines.cx,available,18.99,18.99,high,low,10,namesilo,,,02/10/2026 00:31
525ece2b-cc0b-4bda-80d5-411215c4a050,factious.cx,available,18.99,18.99,medium,low,8,namesilo,,,14/08/2026 12:34
c16b021e-c34d-4591-80af-1ff4cf384452,withal.cx,available,19.98,26.98,medium,low,6,namecheap,,,13/09/2026 18:51
8edbe78c-57a6-403e-b9c0-1ab3d9dd9459,brummagem.cx,available,18.99,18.99,medium,low,9,namesilo,,,11/08/2026 06:42
60c5f28f-5814-43f6-8c69-d174bc9ac2da,starting.cx,available,18.99,18.99,high,low,8,namesilo,,,28/09/2026 00:44
15d474ca-7ee2-4994-acf8-c723a27279c3,beam.cx,resell,,,high,medium,4,CentralNic Ltd,02/02/2026 21:28,02/02/2027 21:28,29/09/2026 00:40
b645c492-4a98-492b-87c5-ec4026adfbdc,kristen.cx,available,18.99,18.99,high,low,7,namesilo,,,29/09/2026 09:38
2a917595-9994-45a5-ab4e-088b7db344a4,akvavit.cx,available,18.99,18.99,medium,low,7,namesilo,,,18/09/2026 00:17
9bade0a9-9256-4188-9505-5ea9ce92fcf5,mushy.cx,available,18.99,18.99,medium,low,5,namesilo,,,09/08/2026 00:58
22080d16-ec9a-47be-b66b-0396665b0905,platt.cx,available,19.98,26.98,medium,low,5,namecheap,,,27/09/2026 06:33
8cb8d8f1-0639-4d11-90a9-e9017c7604e3,epiphany.cx,available,17.66,17.66,high,low,8,dynadot,,,02/10/2026 04:43
b9d160b1-d943-4d7f-adcc-60b8a4bcd498,humongous.cx,available,18.99,18.99,medium,low,9,namesilo,,,08/08/2026 12:58
f90fc829-f6c2-4bdc-9a47-09d0605b52c7,mentorship.cx,available,16.53,16.75,high,low,10,porkbun,,,02/10/2026 02:09
b47bb838-1d2d-4fd3-bb81-ada18e700dfb,slapstick.cx,available,18.99,18.99,high,low,9,namesilo,,,10/09/2026 10:03
bc418658-96ac-4377-9829-0e6a90cc76f0,tercet.cx,available,18.99,18.99,medium,low,6,namesilo,,,
96322ffe-db3d-4d07-ac75-be3ab4f0ba88,meagre.cx,available,19.98,26.98,medium,low,6,namecheap,,,24/08/2026 18:04
44edc6b0-e7e0-4713-a439-ebfc429bc759,program.cx,available,18.99,18.99,high,low,7,namesilo,,,24/09/2026 17:00
08b37ae8-bd3f-4a3f-984d-930e9b4bd68d,smoothly.cx,available,18.99,18.99,high,low,8,namesilo,,,16/09/2026 02:56
d203e931-bd36-42c5-9041-dddb59bf53e6,fellowship.cx,available,18.99,18.99,high,low,10,namesilo,,,28/09/2026 09:26
b25efa60-5d93-4aa5-bf84-ac5eb9768503,mistake.cx,available,18.99,18.99,high,low,7,namesilo,,,25/09/2026 05:40
5bf8da60-d93d-4774-b6bf-01771a0974de,antique.cx,available,18.99,18.99,high,low,7,namesilo,,,21/09/2026 22:23
621fea8f-ab78-4206-8bc7-faaa9a1e7f8c,heathen.cx,available,18.99,18.99,high,low,7,namesilo,,,18/08/2026 21:55
77e57333-4f56-4b28-a328-12371adca284,coyne.cx,available,19.98,26.98,high,low,5,namecheap,,,30/09/2026 04:24
b83ab121-b057-498d-b7bf-8a538d57beef,currish.cx,available,18.99,18.99,low,low,7,namesilo,,,13/08/2026 11:31
cf0aed12-91bc-48dc-a26c-60807d13c3c4,maule.cx,available,17.66,17.66,medium,low,5,dynadot,,,03/10/2026 05:44
f3eedb73-360f-495a-8228-05148ee1a3ed,nugget.cx,available,18.99,18.99,high,low,6,namesilo,,,02/10/2026 16:13
67da1d9c-123d-495f-b3c3-6f14c4b48f7c,prehistoric.cx,available,18.99,18.99,medium,low,11,namesilo,,,29/09/2026 03:08
0e59a145-ad6b-447b-b6c3-51fb9f3f3a7d,advantageous.cx,available,19.98,26.98,high,low,12,namecheap,,,02/10/2026 17:31
5ce859b7-aa39-41f7-bd9d-959c7d117f5f,cfo.cx,resell,,,high,low,3,CentralNic Ltd,07/05/2015 15:26,07/05/2027 15:26,26/09/2026 04:50
b08056c0-0c6f-4cf5-aee9-4d67408f5527,bannock.cx,available,18.99,18.99,medium,low,7,namesilo,,,22/09/2026 02:55
29b8b73c-76eb-4585-a7d2-94395eeb539e,petulant.cx,available,18.99,18.99,medium,low,8,namesilo,,,22/08/2026 10:27
ae1c47e4-0533-46fa-b899-b8021638f226,motrin.cx,available,18.99,18.99,high,medium,6,namesilo,,,17/09/2026 11:16
5d52f624-5b00-4bef-b2d8-376593658e12,anomala.cx,available,18.99,18.99,medium,low,7,namesilo,,,19/09/2026 11:24
b5ccb9d1-2639-4e5f-9baf-d53415a50d4a,ability.cx,available,18.99,18.99,high,low,7,namesilo,,,28/09/2026 17:03
909cf018-2f0f-4cdd-b08f-ef68140eb003,sash.cx,available,18.99,18.99,high,low,4,namesilo,,,01/10/2026 01:27
ec5795f1-bd70-40a0-b1d6-2c8879434d3c,spacey.cx,available,18.99,18.99,high,medium,6,namesilo,,,10/09/2026 15:06
e66cd99d-baaf-43fd-8c82-8806dd12fce9,inflicted.cx,available,18.99,18.99,medium,low,9,namesilo,,,30/09/2026 00:06
27d21d0f-20a5-4f94-90d7-9a39952ada6e,stretchout.cx,available,19.98,26.98,medium,low,11,namecheap,,,17/09/2026 05:03
17bc96a4-81b4-493c-b99e-b0cd5f79a2eb,steroids.cx,available,19.98,26.98,medium,low,8,namecheap,,,19/09/2026 19:38
c1d67a1a-d393-430f-bf9e-8320f4adadad,phreatic.cx,available,19.98,26.98,high,medium,8,namecheap,,,08/09/2026 19:20
8a8d80c0-1597-4789-bde5-25cc9bc43e24,mutagenic.cx,available,18.99,18.99,medium,low,9,namesilo,,,03/09/2026 11:37
49bc8826-d7d2-4748-b184-f6b85f0a0402,baptism.cx,available,19.98,26.98,high,low,7,namecheap,,,22/09/2026 03:27
9c8e6d65-12a1-4f36-8ab3-0840a31b9fd3,owen.cx,available,18.99,18.99,high,low,4,namesilo,,,25/09/2026 09:42
bd8eed23-f895-4a90-bb0f-60953eddc600,prayers.cx,available,18.99,18.99,high,low,7,namesilo,,,18/09/2026 03:21
066c255e-7e4a-48df-b87f-06e7d2565d0e,entertain.cx,available,18.99,18.99,high,low,9,namesilo,,,01/10/2026 16:56
ec0a81b5-5912-4967-956a-592892906844,fleshly.cx,available,18.99,18.99,medium,low,7,namesilo,,,
96c619a2-8a19-403a-b174-66a49e2ce184,henriette.cx,available,18.99,18.99,medium,low,9,namesilo,,,30/09/2026 04:48
413c5a0a-5c45-46fe-805e-41953457a0fe,chains.cx,available,19.98,26.98,high,low,6,namecheap,,,27/09/2026 12:26
78382576-412f-44a9-a650-5a7889631b21,lcd.cx,available,19.98,26.98,high,low,3,namecheap,,,30/09/2026 02:27
5b2e3f5a-ad13-437c-b838-0b19d102cc78,prostatic.cx,available,18.99,18.99,medium,low,9,namesilo,,,09/09/2026 03:53
a50fb6b8-7dbe-4784-8bd1-c8c00b87e870,gathers.cx,available,18.99,18.99,low,low,7,namesilo,,,02/10/2026 11:58
fed1dbc0-9337-4857-b2cb-a7f57e041d1e,confines.cx,available,18.99,18.99,high,low,8,namesilo,,,24/09/2026 17:13
a5498108-58a4-48c0-896a-715a0de32806,prevented.cx,available,18.99,18.99,medium,low,9,namesilo,,,29/09/2026 10:45
e2c5e51a-4d55-493e-9ad1-684bf5a7bd53,methodology.cx,available,18.99,18.99,high,low,11,namesilo,,,30/09/2026 06:02
2d8e86bd-2488-4b94-92eb-5377ac7a1896,amir.cx,available,19.98,26.98,high,low,4,namecheap,,,18/09/2026 17:58
560fbf9f-6f35-4504-8749-88a47dddb2f2,rolla.cx,available,16.53,16.75,medium,low,5,porkbun,,,02/10/2026 10:01
343d3033-f1ff-4391-ab96-fb9e4c1cce7a,obtained.cx,available,18.99,18.99,medium,low,8,namesilo,,,03/10/2026 01:13
8c30cd6d-a869-4574-a7d8-b34e72971f4b,perfumed.cx,available,18.99,18.99,high,low,8,namesilo,,,08/09/2026 16:58
911dda8f-8d6c-4247-ad06-7c4358ca6f5e,consultative.cx,available,17.66,17.66,medium,low,12,dynadot,,,30/09/2026 20:07
9d57f911-2d6d-47d9-81ae-9bd2d6192890,macgregor.cx,available,16.53,16.75,medium,low,9,porkbun,,,28/09/2026 19:47
70feb2bc-5481-47c4-9e48-e33f16df5580,replied.cx,available,18.99,18.99,medium,low,7,namesilo,,,18/09/2026 01:09
d14bb434-95d0-4ebd-99bb-b8b2dd5c8e57,dames.cx,available,18.99,18.99,medium,low,5,namesilo,,,30/09/2026 15:29
5faa1408-200c-47b2-b578-f29277f5385e,apologise.cx,available,17.66,17.66,high,low,9,dynadot,,,30/09/2026 15:07
d86436b3-bbc8-4db2-8522-0636edfc8ca9,ahriman.cx,available,18.99,18.99,medium,low,7,namesilo,,,17/09/2026 20:33
e40dfcf9-654d-4589-a9c3-c58b9aafe05f,firing.cx,available,18.99,18.99,high,low,6,namesilo,,,27/09/2026 03:58
b5e57ca5-6f62-49f5-a462-f7a895430096,production.cx,available,19.98,26.98,high,low,10,namecheap,,,19/09/2026 18:56
fb1b2835-2b07-4536-b5ad-72e4ae92337b,plates.cx,available,18.99,18.99,medium,low,6,namesilo,,,27/09/2026 02:22
10e3bde9-5ebd-48da-8c23-9b58ba782282,concourse.cx,available,17.66,17.66,high,low,9,dynadot,,,29/09/2026 10:34
8bca0d40-e1fa-45b6-a607-b5ac1ff8821e,homebody.cx,available,19.98,26.98,medium,low,8,namecheap,,,10/09/2026 19:28
cd12bcf6-a248-4cbc-9580-787289dfa931,peo.cx,available,18.99,18.99,high,low,3,namesilo,,,03/10/2026 04:05
53562ff0-621d-4bd3-a79e-c7a04490fd20,spirant.cx,available,18.99,18.99,medium,low,7,namesilo,,,12/08/2026 23:20
b73e092c-4392-45b3-b636-a73126490524,breathing.cx,available,18.99,18.99,high,low,9,namesilo,,,11/08/2026 03:18
d5bd4445-8977-4298-bd12-fd0dcda6ff9b,forgiving.cx,available,18.99,18.99,high,low,9,namesilo,,,21/09/2026 14:52
5dbe91c7-37b3-4bf7-abf9-4666436daed0,sensation.cx,available,18.99,18.99,high,low,9,namesilo,,,21/09/2026 17:34
7004717f-4114-4efa-913a-c444925ae1e3,implying.cx,available,16.53,16.75,high,low,8,porkbun,,,01/10/2026 23:05
a4777aac-4041-421a-9884-3884c22bd8cf,ruttish.cx,available,18.99,18.99,medium,low,7,namesilo,,,21/08/2026 14:10
dff8f0fc-8e10-4662-95ed-5606172c5921,critically.cx,available,16.53,16.75,medium,low,10,porkbun,,,28/09/2026 14:26
7e90f51c-4d46-432d-bf92-a701806d52c7,bagley.cx,available,19.98,26.98,medium,low,6,namecheap,,,29/09/2026 22:22
bee5c8de-4cd3-4e0a-8c58-012a5286506d,given.cx,available,18.99,18.99,high,low,5,namesilo,,,24/09/2026 22:16
7fe478bb-e641-45e5-ac72-36a37311a556,incredibly.cx,available,18.99,18.99,high,low,10,namesilo,,,14/09/2026 17:21
64c3312c-8948-47ff-b500-d79958936d36,contralto.cx,available,18.99,18.99,medium,low,9,namesilo,,,
dab3a18f-c18c-4a25-b2df-04afe61424c8,coworkers.cx,available,16.53,16.75,medium,low,9,porkbun,,,02/10/2026 03:43
638a4cdd-9c8e-4c8f-ba38-efa16209f9d0,deftly.cx,available,18.99,18.99,medium,low,6,namesilo,,,14/09/2026 11:20
fe0bff6f-bd01-4dd5-8c10-51f92c7a234b,filetype.cx,available,18.99,18.99,medium,low,9,namesilo,,,
df43bc4d-d462-4597-9970-5332ebe118fa,rechargeable.cx,available,19.98,26.98,high,low,12,namecheap,,,01/10/2026 05:50
050adce2-edcb-40ff-add1-c1321b0ee0f0,theodore.cx,available,18.99,18.99,high,low,8,namesilo,,,29/09/2026 02:58
c89f7d80-9674-4cf5-8af2-38d42b8aa7ca,damaged.cx,available,79.99,79.99,medium,low,7,name.com,,,13/08/2026 16:03
a8e5a1cc-18ff-4a3d-9bbc-5951df2a2dcf,agate.cx,available,18.99,18.99,high,low,5,namesilo,,,17/09/2026 16:25
7893a2c5-06a3-4398-af10-8a5f0faa393f,keyserver.cx,available,26.98,,medium,low,10,namecheap,,,
1c7a0225-8f8a-414a-ad10-a8c96c68e030,squealed.cx,available,19.98,26.98,low,low,8,namecheap,,,20/09/2026 17:30
2e1b9b1d-d701-4148-9402-911e9c5b3447,peloponnese.cx,available,17.66,17.66,medium,low,11,dynadot,,,02/10/2026 19:16
c2586c07-f506-4a0b-a57f-9bff803fad51,storer.cx,available,16.53,16.75,medium,low,6,porkbun,,,30/09/2026 19:21
523a8549-01ed-4796-9b30-f1b14b1cb612,ukrainian.cx,available,18.99,18.99,high,low,9,namesilo,,,11/09/2026 22:41
5db69887-2910-45b3-a715-1de7a90b9fe4,rosalie.cx,available,18.99,18.99,medium,low,7,namesilo,,,29/09/2026 09:42
132f5783-00f7-4fdf-b158-8ace5804210e,emotional.cx,available,18.99,18.99,high,low,9,namesilo,,,16/08/2026 15:56
a2ceae5e-49eb-4429-b578-9d17b7ad5401,bahrein.cx,available,18.99,18.99,high,high,7,namesilo,,,21/09/2026 18:44
8eda2506-7f75-4b65-a37d-78f5b8616b29,horseshoe.cx,available,16.53,16.75,high,low,9,porkbun,,,29/09/2026 19:10
8f45322c-d425-45c3-8056-2b4edf940ffc,adherence.cx,available,19.98,26.98,high,low,9,namecheap,,,17/09/2026 07:58
11e72f5e-9a90-4a33-bd34-9733a8b4f139,xhosa.cx,available,16.53,16.75,high,low,5,porkbun,,,03/10/2026 02:22
55a39632-fe96-4fa4-893d-f38b363c52db,tracing.cx,available,18.99,18.99,high,low,7,namesilo,,,30/09/2026 13:25
5c19e0f1-d430-421a-8be8-5ed36350d55d,pillowcase.cx,available,26.98,,medium,low,11,namecheap,,,
ee0f8bb1-e368-4bf3-a83f-ad1aa4be6bd9,baud.cx,available,18.99,18.99,medium,low,4,namesilo,,,22/09/2026 16:32
e90599db-9faf-47f1-80e3-f11c90c1773b,rodgers.cx,available,18.99,18.99,high,low,7,namesilo,,,25/09/2026 10:22
19a68ab3-3fb1-4b10-ae06-54a4f5c03de4,colson.cx,available,17.66,17.66,medium,low,6,dynadot,,,02/10/2026 09:44
7549d3d3-a504-4216-a45b-ee593d1a6648,quizzical.cx,available,19.98,26.98,medium,low,9,namecheap,,,09/09/2026 08:39
d9d26343-81ed-4f04-b7db-5a1556caa22c,gjo.cx,available,18.99,18.99,medium,low,4,namesilo,,,17/09/2026 05:37
05d058b1-4559-4e9c-968a-68ff595393cf,sensibility.cx,available,18.99,18.99,high,low,11,namesilo,,,30/09/2026 22:27
4f672beb-5c44-4503-8a6f-8440098db06f,recently.cx,available,19.98,26.98,medium,low,8,namecheap,,,28/09/2026 16:05
3c461ae1-9945-4f4e-ae48-6ce693ab259d,treaties.cx,available,18.99,18.99,medium,low,8,namesilo,,,30/09/2026 15:10
5bc5991c-e722-44cf-abd4-9ee670733767,unq.cx,available,18.99,18.99,medium,low,3,namesilo,,,20/09/2026 22:06
87c3c78a-0a16-4b43-b799-c01c3137f4f8,aum.cx,available,19.98,26.98,high,low,3,namecheap,,,21/09/2026 04:10
2ab3732d-2a90-4696-96a3-b765c048b081,physic.cx,available,19.98,26.98,high,low,6,namecheap,,,02/10/2026 10:47
39b4bde2-70cc-4f9c-9699-76ecc655a3eb,circulated.cx,available,18.99,18.99,medium,low,10,namesilo,,,02/10/2026 03:37
9454cc24-013a-4d29-8bd3-06e79ba1ffa9,head.cx,available,16.53,16.75,high,low,4,porkbun,,,30/09/2026 14:18
852ae5a6-1b0e-45d6-a948-1e21d8626790,cafe.cx,resell,,,high,low,4,West263 International Limited,09/12/2023 12:06,09/12/2026 12:06,26/09/2026 04:42
bdaf1d20-ebaa-4db5-92bd-e28c5d727b5c,chicken.cx,available,18.99,18.99,high,low,7,namesilo,,,23/09/2026 14:11
da11b1d4-9ad6-4931-bf85-1d8156507333,overdress.cx,available,18.99,18.99,medium,low,9,namesilo,,,21/09/2026 01:53
06d28a43-490c-404a-b526-8a17bddb8af1,kept.cx,available,18.99,18.99,high,low,4,namesilo,,,25/09/2026 12:27
3ed5a75b-3e7d-4a14-ae65-fceeaa610671,yam.cx,available,18.99,18.99,high,low,3,namesilo,,,01/10/2026 22:05
c2c8e6e6-6031-40da-9d4d-db153d1e2fdb,dacia.cx,available,16.53,16.75,high,medium,5,porkbun,,,02/10/2026 19:30
ecbd8f18-f602-40ca-b4d2-12bf9944ed37,rabies.cx,available,19.98,26.98,medium,low,6,namecheap,,,29/09/2026 19:34
b61ee055-adb1-4473-893e-52d6a83d21f5,fishing.cx,available,19.98,26.98,high,low,7,namecheap,,,27/09/2026 03:59
fc6e2af7-4507-49cc-a7c6-b0c2e5bae3cb,sightings.cx,available,18.99,18.99,medium,low,9,namesilo,,,02/10/2026 03:55
cc40d287-7089-4a46-866e-b4056f686bcb,tributary.cx,available,19.98,26.98,high,low,9,namecheap,,,12/08/2026 20:32
c44949b5-09d4-48fd-95de-d09e3fab9750,wylie.cx,available,18.99,18.99,medium,low,5,namesilo,,,28/09/2026 13:59
586ffc04-a004-401e-82e0-3485749e0061,german.cx,available,18.99,18.99,high,low,6,namesilo,,,18/08/2026 22:44
28c70595-dda5-41db-bc58-878337cc118e,foliose.cx,available,18.99,18.99,medium,low,7,namesilo,,,18/08/2026 10:11
b21e823b-f59e-4670-a227-5fd0fb812d67,smoothen.cx,available,18.99,18.99,medium,low,8,namesilo,,,08/09/2026 23:04
f73a832b-b1da-4b1b-bcb6-43dfe78359f3,fabulously.cx,available,18.99,18.99,medium,low,10,namesilo,,,14/09/2026 17:19
44a036a4-33c3-4ce2-8116-a46d2c9cbdcf,ties.cx,available,19.98,26.98,medium,low,4,namecheap,,,17/09/2026 21:46
c870b21e-ec75-48b1-97cd-56f2db2f864e,lions.cx,available,19.98,26.98,high,low,5,namecheap,,,02/10/2026 14:28
70fb03f4-beed-41a9-96ed-ed6249f010c4,biscayne.cx,available,18.99,18.99,high,low,8,namesilo,,,01/10/2026 09:13
38a19fce-651b-4811-a147-7cd962c4788d,races.cx,available,18.99,18.99,high,low,5,namesilo,,,19/09/2026 00:33
6b69ce53-081a-4648-8ba1-29cea741ef6d,remembrance.cx,available,16.53,16.75,high,low,11,porkbun,,,30/09/2026 03:43
7d4b8187-b79b-48ae-a4fa-c95ad4eaaa03,tirana.cx,available,18.99,18.99,high,low,6,namesilo,,,18/09/2026 02:27
a2ab02b7-e2b6-4c77-a12f-8a69ee160d78,licked.cx,available,18.99,18.99,medium,low,6,namesilo,,,23/08/2026 01:00
6f991490-b39a-4cf6-94a2-26fa3f4033f6,nor.cx,available,19.98,26.98,high,low,3,namecheap,,,01/10/2026 00:50
25b3df2c-36f8-4a15-9609-8fcf814e3e21,foreboding.cx,available,18.99,18.99,medium,low,10,namesilo,,,18/08/2026 11:32
b252c90e-1a19-4c48-8001-5cf457e10267,sulu.cx,available,19.98,26.98,high,low,4,namecheap,,,30/09/2026 20:01
b327abd1-ca7f-4fca-a6ea-d7ca5431a8e4,bushy.cx,available,18.99,18.99,high,low,5,namesilo,,,11/08/2026 11:15
3b255681-95d3-4e9b-959d-367c1767ee32,engels.cx,available,18.99,18.99,medium,low,6,namesilo,,,28/09/2026 14:01
ca12f5e1-40bc-41d4-8390-089352433864,wagering.cx,available,19.98,26.98,high,low,8,namecheap,,,01/10/2026 19:03
76638fbf-d815-4f20-aef5-0b00a81ac888,coercive.cx,available,18.99,18.99,medium,low,8,namesilo,,,12/08/2026 15:24
a539e3b4-7b1b-4339-95c7-87e9bca5d195,assoc.cx,available,18.99,18.99,high,low,5,namesilo,,,30/09/2026 23:39
417f7e3b-98ac-4a64-8052-18c3b6c7b460,breads.cx,available,18.99,18.99,medium,low,6,namesilo,,,18/09/2026 04:07
f37be977-c157-470f-b4fb-4268532b948a,occupant.cx,available,18.99,18.99,high,low,8,namesilo,,,09/09/2026 14:52
e83a8e15-ed32-4b0b-bbba-3d124b1a13b9,godly.cx,available,18.99,18.99,high,low,5,namesilo,,,14/08/2026 13:55
25b94342-9586-41dc-a085-7dac62eae8c0,displace.cx,available,18.99,18.99,high,low,8,namesilo,,,01/10/2026 22:11
b62bb56a-7686-4c3f-a9dc-dbf8af8ae6e3,mohammed.cx,available,19.98,26.98,high,low,8,namecheap,,,30/09/2026 17:57
45dded23-c92a-4232-852d-6021ee4ae78e,guitar.cx,available,18.99,18.99,high,low,6,namesilo,,,29/09/2026 21:44
de2eccd7-be2b-4588-b9a9-2e2a517318bb,morelos.cx,available,17.66,17.66,high,low,7,dynadot,,,30/09/2026 21:17
6d55df79-e1f3-4515-84c2-d14f654f133c,agrology.cx,available,19.98,26.98,medium,low,8,namecheap,,,17/09/2026 19:36
fd34b67c-05d8-4cbc-b0c7-28ac5bcd8014,mombasa.cx,available,19.98,26.98,high,low,7,namecheap,,,01/10/2026 20:35
7ee10c01-0dc2-457a-9fc3-63e48b3f10f6,mandal.cx,available,16.53,16.75,high,low,6,porkbun,,,30/09/2026 20:27
042b864a-b110-450e-aeda-5a556d64f4a6,brambly.cx,available,18.99,18.99,medium,low,7,namesilo,,,11/08/2026 01:59
ff2a98a2-435e-4d9c-82a2-cb5914f44f63,williamsburg.cx,available,18.99,18.99,medium,low,12,namesilo,,,27/09/2026 01:57
1db0d8ce-70af-4044-8a8a-0e8de310ed3b,pleas.cx,available,19.98,26.98,low,low,5,namecheap,,,02/10/2026 23:14
651aed97-b26a-4d8b-9aa2-8f6fbfe92beb,wear.cx,available,18.99,18.99,high,low,4,namesilo,,,27/09/2026 08:43
08429a6d-3f40-450a-b90a-7f3875fa81c5,beware.cx,available,19.98,26.98,medium,low,6,namecheap,,,28/09/2026 20:49
226c5ab6-c134-4ab4-a8af-4ba76e9c7893,rink.cx,available,18.99,18.99,high,low,4,namesilo,,,01/10/2026 03:34
43c5cda5-cc71-4095-9701-ebb24e1ff00e,guayaquil.cx,available,18.99,18.99,high,low,9,namesilo,,,30/09/2026 01:48
3e06e652-14bd-4db2-a7b5-66abaccb959a,breeze.cx,resell,,,high,low,6,,,,28/09/2026 09:12
edbfa364-8397-4e64-a9fd-a4342b1afee9,perfidy.cx,available,19.98,26.98,medium,low,7,namecheap,,,23/09/2026 11:25
474afa7a-2a80-4bcc-a2ce-62ea6ab75939,perforation.cx,available,26.98,,medium,low,11,namecheap,,,
794a9e3a-ae70-4a41-a402-9b6c7bf2d91e,epirus.cx,available,18.99,18.99,medium,low,6,namesilo,,,30/09/2026 09:34
d6091e1b-c7d2-4158-ac18-b4f1b1312ca0,japanese.cx,available,18.99,18.99,high,low,8,namesilo,,,22/08/2026 12:22
f82d8874-ce06-46e3-b192-4eebf4ac51e6,limiting.cx,available,18.99,18.99,high,low,8,namesilo,,,23/09/2026 19:42
378b27e9-6a25-4a81-b3c8-fdf56cb4b571,female.cx,available,18.99,18.99,high,low,6,namesilo,,,24/09/2026 11:24
eef50a01-1de6-45b2-905a-f5736ec362a5,suck.cx,available,18.99,18.99,high,low,4,namesilo,,,30/09/2026 01:54
a3e3f267-cf08-47a6-8478-ed9d2a56bc51,humped.cx,available,18.99,18.99,medium,low,6,namesilo,,,13/08/2026 07:40
21248d94-f02c-49bd-924b-8fefc301d8a4,drowsy.cx,available,19.98,26.98,medium,low,6,namecheap,,,14/08/2026 18:05
82f181c8-032c-4151-bf3b-7fee13a21fd7,alienism.cx,available,18.99,18.99,medium,low,8,namesilo,,,18/09/2026 07:34
345f0e4a-8a1c-43a8-a362-b63cec4b9a61,algren.cx,available,19.98,26.98,medium,low,6,namecheap,,,18/09/2026 07:18
589e5a04-1df7-4ee8-b116-a7581371ce6b,andrey.cx,available,18.99,18.99,high,low,6,namesilo,,,29/09/2026 15:52
505f3b22-69fb-475c-98f3-e4cc2f6d18ac,defective.cx,available,18.99,18.99,medium,low,9,namesilo,,,13/08/2026 23:06
8fc1003f-93b9-44f1-9838-ec27eeb313b9,trumpcare.cx,available,18.99,18.99,medium,low,10,namesilo,,,
5e709bae-b1b7-4277-ab5a-e3c6d37ff69c,softball.cx,available,18.99,18.99,high,low,8,namesilo,,,29/09/2026 01:51
8ff16f7e-dcf5-4260-9f64-c8a2cea123e0,taipei.cx,available,19.98,26.98,high,low,6,namecheap,,,29/09/2026 07:03
b940f680-b27e-41d3-be77-53b5c7adc1aa,facto.cx,available,19.98,26.98,medium,low,5,namecheap,,,30/09/2026 23:44
e78e5aad-255a-4352-8210-b3730b0c7a1d,tobin.cx,available,18.99,18.99,high,low,5,namesilo,,,28/09/2026 06:04
d2a89ed1-6e4c-449d-b188-557972f8b09c,impudent.cx,available,18.99,18.99,medium,low,8,namesilo,,,18/08/2026 08:23
ca4fca61-5bbc-437b-83ab-5aa37528e6c3,apposite.cx,available,19.98,26.98,medium,low,8,namecheap,,,06/08/2026 07:53
738791e7-829a-4280-9b76-db2bb2c933e2,motorcycle.cx,available,19.98,26.98,high,low,10,namecheap,,,30/09/2026 22:56
587e139f-117d-4ac7-9853-17cd44b16fea,acidotic.cx,available,18.99,18.99,medium,low,8,namesilo,,,
593efbb4-b792-4e2c-86a2-1749f7d7728d,copied.cx,available,18.99,18.99,medium,low,6,namesilo,,,28/09/2026 17:26
20dec4b3-5349-46e3-ac44-809e5be1bc02,cheered.cx,available,18.99,18.99,medium,low,7,namesilo,,,30/09/2026 15:15
1386d502-223e-4c05-b438-a3e32adb7958,balmoral.cx,available,18.99,18.99,high,low,8,namesilo,,,21/09/2026 23:39
86196e2a-8d2e-436d-a558-ab423811770e,nitpicking.cx,available,18.99,18.99,medium,low,10,namesilo,,,19/09/2026 01:08
b67675b8-53b8-4777-85cc-4fca47c3a85f,stoker.cx,available,18.99,18.99,medium,low,6,namesilo,,,16/09/2026 16:53
80bc1777-13b2-45e0-a818-7b522f05f12c,springbuck.cx,available,18.99,18.99,medium,low,10,namesilo,,,19/09/2026 14:19
043c662e-05ab-4fc9-acbe-284dd1b8018d,barbuda.cx,available,19.98,26.98,medium,low,7,namecheap,,,22/09/2026 05:04
219215d8-7872-41d1-ac35-25b03c183f54,perjury.cx,available,19.98,26.98,medium,low,7,namecheap,,,22/09/2026 21:18
571d4bb2-cb95-4689-bda5-df139d09ac99,overstated.cx,available,18.99,18.99,medium,low,10,namesilo,,,17/08/2026 15:36
568c16ea-b753-4251-b659-845fb313161a,jester.cx,available,18.99,18.99,high,low,6,namesilo,,,02/10/2026 05:30
7375b760-3308-492c-8129-c075611da84e,scotty.cx,available,18.99,18.99,medium,low,6,namesilo,,,29/09/2026 22:06
59df22e5-d785-43ba-993c-026f618d3b50,prospects.cx,available,,,medium,low,9,,,,29/09/2026 05:24
cf702a74-80ed-4fec-9dd3-2b1eb4970d4e,transylvania.cx,available,19.98,26.98,high,low,12,namecheap,,,27/09/2026 18:35
3e2b80d9-4f2e-4f97-87ce-00cadd680292,immunized.cx,available,19.98,26.98,medium,low,9,namecheap,,,21/08/2026 21:30
661d58ca-08b1-43d3-80fc-3a8135f5debe,basenji.cx,available,18.99,18.99,medium,low,7,namesilo,,,22/09/2026 10:26
13ddd919-9e1a-4857-92bc-2903f375d42f,macdougall.cx,available,16.53,16.75,medium,low,10,porkbun,,,02/10/2026 21:57
f04091cf-43ea-40df-ad8f-755d3bc73fea,thready.cx,available,18.99,18.99,medium,low,7,namesilo,,,18/08/2026 04:08
2693abb4-97b0-484b-a4af-0d43414f09ad,began.cx,available,18.99,18.99,medium,low,5,namesilo,,,
ad909384-bf56-4328-bb59-634481bab619,risible.cx,available,19.98,26.98,medium,low,7,namecheap,,,12/08/2026 19:02
e6e07f71-d6a8-45e4-94c8-8fe078677e03,actuality.cx,available,18.99,18.99,high,low,9,namesilo,,,17/09/2026 05:19
fc9be400-5435-4ad0-b569-27a5cd26db35,authorised.cx,available,18.99,18.99,high,low,10,namesilo,,,22/09/2026 13:51
34589e44-6f6b-4200-ac0c-0d164b4dca98,yams.cx,available,19.98,26.98,medium,low,4,namecheap,,,19/09/2026 22:19
41528736-eca7-400a-a651-3aa96d70f5c1,successors.cx,available,18.99,18.99,medium,low,10,namesilo,,,20/09/2026 05:21
0432e314-834b-45bb-a891-7f4bd70ba505,elbow.cx,available,18.99,18.99,high,low,5,namesilo,,,20/09/2026 11:23
2d0cdc4a-61bb-408f-87ea-f0e92480712d,pentium.cx,available,18.99,18.99,high,low,7,namesilo,,,01/10/2026 11:44
0c104963-6c02-48f7-bcb6-f8de8ef18ad4,sutures.cx,available,16.53,16.75,medium,low,7,porkbun,,,01/10/2026 18:00
b98c7f5d-cd53-4023-b61d-dc12f46fcca1,booklover.cx,available,19.98,26.98,high,low,9,namecheap,,,23/09/2026 12:51
6405954e-f6da-49fb-a260-a0d7ab86d002,recessive.cx,available,18.99,18.99,medium,low,9,namesilo,,,09/09/2026 11:25
d94956e0-37da-413a-b649-7831244b3f66,forehand.cx,available,18.99,18.99,medium,low,8,namesilo,,,18/08/2026 11:38
8b3befcf-e3a5-4d4b-ae1c-9135e3137087,olympia.cx,available,18.99,18.99,high,low,7,namesilo,,,29/09/2026 07:18
210398f8-fbb7-42c1-baee-f26e4c051609,exhale.cx,available,18.99,18.99,high,low,6,namesilo,,,30/09/2026 16:30
5d218420-7bcf-44bb-b6fe-58f9e358675e,nefarious.cx,available,18.99,18.99,medium,low,9,namesilo,,,03/09/2026 14:57
0fccc660-ad1d-40fc-89a2-3dee584b3757,moderator.cx,available,16.53,16.75,high,low,9,porkbun,,,30/09/2026 04:50
3f8b170a-5f00-492d-9756-33279db62ac5,bitmap.cx,available,19.98,26.98,high,low,6,namecheap,,,23/09/2026 22:40
a552fc37-7c96-4a2a-8d8b-1c01f78eb1da,belarusian.cx,available,18.99,18.99,medium,low,10,namesilo,,,09/08/2026 12:32
b5da38ec-b159-4042-ba33-a5b7c077ed04,filiform.cx,available,18.99,18.99,medium,low,8,namesilo,,,18/08/2026 04:04
6882b2a6-3bc3-4765-a118-4726129ed7cb,keenly.cx,available,18.99,18.99,high,low,6,namesilo,,,15/09/2026 10:20
2c677d11-b404-4c9f-a758-1c8d62b24b7b,lynchpin.cx,available,19.98,26.98,high,low,8,namecheap,,,21/09/2026 15:18
b670144f-5277-465f-962a-e996c8e0dc26,ferrara.cx,available,18.99,18.99,high,low,7,namesilo,,,03/10/2026 00:43
85c181fd-11b6-4f0d-a557-3be5f2dcce32,exploration.cx,available,18.99,18.99,high,low,11,namesilo,,,02/10/2026 05:31
9239812e-6a8f-4aaa-9dd3-c900da5638ab,paragon.cx,available,19.98,26.98,high,low,7,namecheap,,,03/09/2026 20:09
5c00f301-c3b8-4acb-845a-5d90ed805c63,restrained.cx,available,19.98,26.98,medium,low,10,namecheap,,,20/08/2026 20:43
c3592324-0051-4d35-962d-0c8854c61376,nourishing.cx,available,19.98,26.98,high,low,10,namecheap,,,19/09/2026 17:50
7fdb44e1-c1a4-451f-bf26-ecb04e2caee2,delusory.cx,available,19.98,26.98,low,low,8,namecheap,,,13/08/2026 21:18
6c41adaa-fdd9-484b-bcc9-c7e8a22fb77d,preparation.cx,available,17.66,17.66,high,low,11,dynadot,,,28/09/2026 12:30
32ab152d-b2fe-416c-9ec9-7e511a89facf,chapstick.cx,available,18.99,18.99,high,low,9,namesilo,,,
8c7421e8-8e10-4c7d-8b59-bcdb5b44c382,rimless.cx,available,18.99,18.99,medium,low,7,namesilo,,,09/09/2026 17:43
a9d2c3e6-a7e1-4d45-b03c-4661acb40034,asynergy.cx,available,19.98,26.98,medium,low,8,namecheap,,,20/09/2026 18:52
979858fa-5793-42d0-b89c-a3cc290f52d6,vanquished.cx,available,17.66,17.66,medium,low,10,dynadot,,,02/10/2026 02:55
4980f8e8-4ed5-4f0e-b125-9a25594fc9e1,bargain.cx,available,18.99,18.99,high,low,7,namesilo,,,29/09/2026 01:09
21ab0651-c208-480d-b4fe-c5928bee3dcd,agrees.cx,available,19.98,26.98,medium,low,6,namecheap,,,28/09/2026 12:39
16ed9bfb-de46-4f2d-a829-bc074690fe47,alessandro.cx,available,18.99,18.99,medium,low,10,namesilo,,,28/09/2026 05:03
f5f1afcc-83f1-44e4-8f05-ff99b9bd268f,certificate.cx,available,19.98,26.98,high,low,11,namecheap,,,01/10/2026 05:07
a8915ca3-1259-460d-9c9d-5a1a7c97f485,valenzuela.cx,available,18.99,18.99,medium,low,10,namesilo,,,02/10/2026 10:09
a7a5fd43-977e-456a-832e-d49cd33ee46b,ulama.cx,available,18.99,18.99,medium,low,5,namesilo,,,02/10/2026 17:01
3fb79bbe-3f2f-47a5-bdcc-0d357adc2238,acrid.cx,available,18.99,18.99,medium,low,5,namesilo,,,
5e6f6a0a-feb5-4866-a6b6-3d3287064b29,inflammatory.cx,available,17.66,17.66,medium,low,12,dynadot,,,29/09/2026 21:18
053d2ac0-dc01-413b-9c89-3be3231bf62c,picasso.cx,available,17.66,17.66,high,low,7,dynadot,,,28/09/2026 20:04
7d8b1a4d-48c2-497a-8bdc-e54a30f0915a,clunk.cx,available,18.99,18.99,medium,low,5,namesilo,,,11/09/2026 15:10
585830f6-1297-4d5a-aae1-bb2d47a2c4be,shelbyville.cx,available,19.98,26.98,medium,low,11,namecheap,,,02/10/2026 09:39
62fe4d4f-b4ad-494f-8cbe-572b14ad88c4,circulate.cx,available,18.99,18.99,high,low,9,namesilo,,,01/10/2026 04:10
e9d68a64-811e-43af-b21e-e352efc7e0c7,separation.cx,available,17.66,17.66,high,low,10,dynadot,,,30/09/2026 10:56
f32e8c09-3991-48af-874d-dfc74415d143,tweedy.cx,available,18.99,18.99,medium,low,6,namesilo,,,21/08/2026 11:21
c066a295-7f51-4b7d-953f-2db5f2d4ed88,undertaking.cx,available,19.98,26.98,high,low,11,namecheap,,,29/09/2026 21:13
da9702c9-fb0c-441b-9a9a-ea4bfbb9bb6b,lao.cx,available,18.99,18.99,high,low,3,namesilo,,,22/08/2026 19:34
374c95c6-a4ac-49d3-a8dd-7e815433c030,montage.cx,available,18.99,18.99,high,low,7,namesilo,,,02/10/2026 04:25
56a35824-33d0-444b-8b6d-faf20ad073ed,outpouring.cx,available,18.99,18.99,high,low,10,namesilo,,,22/09/2026 07:58
cc1cbf93-4f77-42d6-b249-ccd9974af636,clunky.cx,available,79.99,79.99,medium,low,6,name.com,,,12/08/2026 13:08
9db8a079-c16f-4211-a19e-14cbe0b72911,obnubilate.cx,available,18.99,18.99,low,low,10,namesilo,,,03/09/2026 23:55
87fbab46-75ff-4c6b-99e7-99e67c1a5a43,glace.cx,available,18.99,18.99,medium,low,5,namesilo,,,13/08/2026 09:46
7514a48c-ea15-4153-83e5-b44d3f7362d9,struggling.cx,available,18.99,18.99,medium,low,10,namesilo,,,10/09/2026 22:52
466f10cd-7bed-4099-ab11-c76aad0c2332,sheetlike.cx,available,18.99,18.99,high,medium,9,namesilo,,,10/09/2026 06:21
dcdb796c-6200-4c2b-90d6-14c962b0bfa2,lunenburg.cx,available,18.99,18.99,high,low,9,namesilo,,,03/10/2026 05:53
169ebb59-c4f3-4116-bf59-40fda5cad9fb,desolation.cx,available,18.99,18.99,medium,low,10,namesilo,,,22/09/2026 05:24
4cb2c352-3068-446d-9ce1-ec241e27d060,reels.cx,available,18.99,18.99,medium,low,5,namesilo,,,02/10/2026 22:54
3b23be70-25cc-4c27-8ee6-122c7a119469,admittance.cx,available,18.99,18.99,high,low,10,namesilo,,,16/09/2026 22:13
d9c04dc1-72ee-4546-a96d-ce2363ec8aef,miotic.cx,available,18.99,18.99,medium,low,6,namesilo,,,25/08/2026 01:00
89341c43-6b12-42b7-b3c3-334d98acf4f7,falkland.cx,available,18.99,18.99,high,low,8,namesilo,,,28/09/2026 12:09
73c6ae3c-9b84-4b33-b560-01e7be29b7ce,humorous.cx,available,19.98,26.98,high,low,8,namecheap,,,25/09/2026 06:35
3938a1c5-2e1b-4bc2-a509-8a66a850eff2,nonexistent.cx,available,18.99,18.99,medium,low,12,namesilo,,,02/10/2026 06:57
72913f5f-a7cd-4168-a5bc-7c60e78f6177,accessory.cx,available,18.99,18.99,high,low,9,namesilo,,,01/10/2026 08:32
69b3d870-3970-4bad-a3c1-5d8056d569fd,seaweed.cx,available,18.99,18.99,high,low,7,namesilo,,,30/09/2026 02:49
63724365-e4c3-4e3d-bc2e-8998669fa5b1,boyhood.cx,available,18.99,18.99,high,low,7,namesilo,,,02/10/2026 14:26
0aca0618-f900-4a09-9c0f-30481ce20073,regularity.cx,available,18.99,18.99,high,low,10,namesilo,,,03/10/2026 00:56
b16da225-2d3a-4461-a871-1bd2561e52c4,mortal.cx,available,79.99,79.99,high,low,6,name.com,,,13/08/2026 19:33
f921df6c-67ee-4f47-8b1a-8dd3d2d54e5f,brutal.cx,available,18.99,18.99,medium,low,6,namesilo,,,08/08/2026 15:45
d2fe1738-3ced-4908-9045-d14ea7d5061d,vicinity.cx,available,19.98,26.98,high,low,8,namecheap,,,28/09/2026 19:41
f5da0765-e55d-442b-89b1-2fe5ad9b40e8,vitalizer.cx,available,18.99,18.99,medium,low,9,namesilo,,,19/09/2026 09:10
1afb2893-bddb-4e0d-8949-da2d4bc6f01b,nafta.cx,available,18.99,18.99,high,low,5,namesilo,,,29/09/2026 07:38
ab6d00f2-575d-473c-a458-b9a652622f4d,campanula.cx,available,18.99,18.99,high,low,9,namesilo,,,23/09/2026 06:05
899600f4-5798-43f9-a07b-b5e8bd318f5a,nasally.cx,available,18.99,18.99,medium,low,7,namesilo,,,15/09/2026 16:10
8619fa90-1a3a-4e66-a78a-f3d649028abe,realizable.cx,available,18.99,18.99,high,low,10,namesilo,,,21/09/2026 15:51
e225bb66-afb1-4e22-94bd-099cf23cdf7e,rashi.cx,available,18.99,18.99,medium,low,5,namesilo,,,03/10/2026 04:11
234457c1-784e-4088-94f4-3c192a13bef6,artesian.cx,available,18.99,18.99,medium,low,8,namesilo,,,06/08/2026 22:39
f544bc6e-6d2c-454f-8103-10ecb0f91332,freighter.cx,available,18.99,18.99,high,low,9,namesilo,,,02/10/2026 15:20
0e0980fc-126a-4e7c-8b4b-2b8235d8db99,roofing.cx,available,18.99,18.99,high,low,7,namesilo,,,03/10/2026 01:56
0b85f69f-acb0-428c-af77-b7b6d5b710ee,precative.cx,available,18.99,18.99,high,medium,9,namesilo,,,09/09/2026 01:12
943dd0dc-5c96-4223-bd22-f8abb179bf1a,saporous.cx,available,18.99,18.99,medium,low,8,namesilo,,,18/08/2026 07:16
c1aa8ae7-a0f0-4036-ab5d-13f06726570c,tbi.cx,available,17.66,17.66,high,low,3,dynadot,,,02/10/2026 18:59
00b17eba-d144-4aba-a9b7-426e4388a99c,restraints.cx,available,19.98,26.98,low,low,10,namecheap,,,01/10/2026 18:24
1861ce9b-296a-42f7-946b-740bceb1d673,businesses.cx,available,18.99,18.99,high,low,10,namesilo,,,01/10/2026 02:58
84802fba-a5e4-4709-b151-1c8600675bfb,quatern.cx,available,18.99,18.99,medium,low,7,namesilo,,,
60b2889d-38f4-4a61-a543-9d9af5aaf9ca,laban.cx,available,19.98,26.98,high,low,5,namecheap,,,01/10/2026 20:14
d469fa8d-6196-47a8-a4d7-534b81baaad5,ceric.cx,available,18.99,18.99,medium,low,5,namesilo,,,12/08/2026 00:39
13c1c759-642c-48ed-88f2-5c7fb0b7f529,formalized.cx,available,18.99,18.99,medium,low,10,namesilo,,,18/08/2026 12:03
e8017452-6c6d-48f8-9e02-10a1078c0863,alejandro.cx,available,18.99,18.99,high,low,9,namesilo,,,28/09/2026 07:52
dd00cc0d-3e69-4444-bf01-182929aa0bde,booted.cx,available,18.99,18.99,medium,low,6,namesilo,,,22/09/2026 23:43
749893bc-7d3e-41de-8ec0-e30ea9938d3c,welds.cx,available,18.99,18.99,medium,low,5,namesilo,,,20/09/2026 14:08
657a1b3b-830d-4d66-a768-bae5bab7fe3b,afterwards.cx,available,18.99,18.99,medium,low,10,namesilo,,,
7e3e255d-6667-4003-84c3-ccf3db095f30,downy.cx,available,18.99,18.99,high,low,5,namesilo,,,14/08/2026 17:40
86b48859-28ab-4a7a-8a43-d072ad99a667,fittest.cx,available,19.98,26.98,medium,low,7,namecheap,,,18/09/2026 04:12
af054ed3-a8e7-453f-8b64-513df6eeea59,deity.cx,available,19.98,26.98,high,low,5,namecheap,,,24/09/2026 21:23
af210e41-283c-42b0-abdb-83aad391e143,dominguez.cx,available,18.99,18.99,medium,low,9,namesilo,,,30/09/2026 13:47
e0e920d9-01b2-4fe0-98ea-47f28c5180cc,barrymore.cx,available,18.99,18.99,medium,low,9,namesilo,,,22/09/2026 08:52
2c810d44-02f1-49e1-918f-4eaa73d4ae6e,comatose.cx,available,19.98,26.98,medium,low,8,namecheap,,,12/08/2026 18:25
e90e9a3b-c010-43ae-9f2d-ac691f478f48,azoic.cx,available,18.99,18.99,medium,low,5,namesilo,,,08/08/2026 02:22
a6f1ef0b-ca06-43fa-b2d6-a181c3e3ef03,secret.cx,resell,,,high,medium,6,West263 International Limited,08/05/2020 22:49,08/05/2027 22:49,26/09/2026 08:53
484d63fc-92de-413e-a059-6c31bffab465,among.cx,available,19.98,26.98,high,low,5,namecheap,,,30/09/2026 22:57
21424780-5cff-440d-8656-9439674d07d7,thriller.cx,available,18.99,18.99,high,low,8,namesilo,,,29/09/2026 14:04
62a4f2bb-f946-48df-b806-010983eb195d,lombardy.cx,available,18.99,18.99,medium,low,8,namesilo,,,28/09/2026 10:16
43755281-30df-4876-b5ee-ba90dff2dedb,peaks.cx,available,17.66,17.66,high,low,5,dynadot,,,29/09/2026 17:03
1ccb2a96-0e81-41aa-9337-6b40e3aa8c88,swapping.cx,available,18.99,18.99,high,low,8,namesilo,,,02/10/2026 07:39
5efc1052-afa0-4bf1-b767-132aa03bcba1,perch.cx,available,18.99,18.99,high,low,5,namesilo,,,
a3724aeb-f627-49bd-b1c5-997da117ffd1,sleepless.cx,available,18.99,18.99,medium,low,9,namesilo,,,22/08/2026 07:24
81f9f36e-d6d7-4178-a7fd-756bd24b0e30,weighed.cx,available,17.66,17.66,medium,low,7,dynadot,,,28/09/2026 12:31
fb2f89d2-bdc8-45a3-aec4-98f986c1c5b5,resumed.cx,available,18.99,18.99,medium,low,7,namesilo,,,18/09/2026 02:30
4ad48ac2-5863-4aae-9d78-35d52faf43c2,weser.cx,available,18.99,18.99,high,low,5,namesilo,,,02/10/2026 17:08
0a63dd26-64d0-4fc9-bc87-fac297644e32,scruffy.cx,available,18.99,18.99,medium,low,7,namesilo,,,10/09/2026 00:25
8f527547-a07e-4a86-9c90-13f7f2708e7f,ashes.cx,available,18.99,18.99,medium,low,5,namesilo,,,27/09/2026 09:10
16ba3cc3-fd7e-42ba-809e-69dc452d28da,repetitive.cx,available,18.99,18.99,medium,low,10,namesilo,,,22/08/2026 07:14
7d7e877a-9ce8-4970-b473-c32d7cd85e69,henderson.cx,available,19.98,26.98,high,low,9,namecheap,,,25/09/2026 19:30
5716fa46-095a-4494-9349-5335ef1fd78f,foundations.cx,available,18.99,18.99,high,low,11,namesilo,,,30/09/2026 06:58
e47dc621-3b5a-4232-868c-0ac99377fd9a,accomplice.cx,available,18.99,18.99,high,low,10,namesilo,,,16/09/2026 22:50
3b3cdd60-bb07-41d7-8933-f5d96537ea76,absorbent.cx,available,18.99,18.99,high,low,9,namesilo,,,
c46563d5-f31b-47a9-95ca-2de6ba966c6f,jolly.cx,available,18.99,18.99,high,low,5,namesilo,,,25/09/2026 11:52
af2ba02b-070e-4142-94bb-d4f3e6b89d2d,nurses.cx,available,19.98,26.98,medium,low,6,namecheap,,,02/10/2026 11:51
5b4986a5-43b9-460b-889b-c9932c205552,bonnie.cx,available,19.98,26.98,high,low,6,namecheap,,,10/08/2026 18:47
d0ffdfbd-e877-4e26-a0ad-e15adb68071f,southwards.cx,available,18.99,18.99,high,medium,10,namesilo,,,10/09/2026 14:52
9219d1dc-5cb9-44fc-b407-290947ca71b6,weaken.cx,available,19.98,26.98,medium,low,6,namecheap,,,29/09/2026 18:30
c6234bcd-0d79-4993-ae2d-077498e06aba,scandalous.cx,available,18.99,18.99,medium,low,10,namesilo,,,14/08/2026 10:26
c8cfad3e-889b-418e-9c34-d771a488677a,gustave.cx,available,18.99,18.99,medium,low,7,namesilo,,,28/09/2026 09:09
71879219-739c-4fb8-8afb-dddff1e78011,medicaid.cx,available,17.66,17.66,high,low,8,dynadot,,,01/10/2026 20:29
5f3524ea-dd75-4a6a-9293-a78a312c38db,eccles.cx,available,18.99,18.99,medium,low,6,namesilo,,,29/09/2026 06:42
3ca18281-cf8b-4d59-95c8-eda070507234,pradesh.cx,available,19.98,26.98,high,low,7,namecheap,,,28/09/2026 03:36
211fa75e-1f4a-400b-8af9-b81715606b56,barbell.cx,available,18.99,18.99,high,low,7,namesilo,,,22/09/2026 04:49
23f55331-12e1-4690-b027-6fb8a33dbe63,swings.cx,available,18.99,18.99,medium,low,6,namesilo,,,29/09/2026 05:46
74421ece-8114-467a-bed7-581cdd9a0f5d,air.cx,resell,,,high,medium,3,CentralNic Ltd,13/02/2005 13:00,14/02/2027 13:00,26/09/2026 01:27
891c4212-8529-4a1c-96fd-ea215818f2d9,scrambled.cx,available,18.99,18.99,high,low,9,namesilo,,,09/09/2026 23:46
0356e1b3-590c-4546-bf4a-f3b4acb4a2d8,samar.cx,available,19.98,26.98,high,low,5,namecheap,,,01/10/2026 08:32
ac841e26-52b9-4647-aaa6-541bae5ac9b4,anew.cx,available,19.98,26.98,high,low,4,namecheap,,,13/09/2026 18:03
70bf1714-c97d-4300-915b-fc1d617dbd6a,urge.cx,available,19.98,26.98,high,low,4,namecheap,,,28/09/2026 19:09
2b8459ee-0e0d-4172-bb44-fd42fff5edc2,snoring.cx,available,18.99,18.99,high,low,7,namesilo,,,02/10/2026 06:26
f3175d22-1a67-4d19-9da8-3d2b09d58181,kidney.cx,available,18.99,18.99,high,low,6,namesilo,,,30/09/2026 01:20
38635035-b5f3-45f0-91fa-ca1cfeba912e,despise.cx,available,16.53,16.75,high,low,7,porkbun,,,29/09/2026 15:39
da2acb8a-bc01-4fe9-9b93-f9e89da74383,frilled.cx,available,18.99,18.99,medium,low,7,namesilo,,,18/08/2026 15:49
0bec3fd7-35c1-44c1-84a9-398f8a895224,beatitude.cx,available,19.98,26.98,high,low,9,namecheap,,,22/09/2026 21:40
aa9bc09d-d113-4f48-9045-642ee168b754,distillery.cx,available,16.53,16.75,high,low,10,porkbun,,,03/10/2026 00:30
08e4d793-2809-4254-bbce-e458af197526,raspberry.cx,available,18.99,18.99,medium,low,9,namesilo,,,24/09/2026 06:43
2827f675-51da-4bea-963f-cd6ad7c581e8,floors.cx,available,18.99,18.99,medium,low,6,namesilo,,,27/09/2026 22:02
a49fa7f5-a988-4024-9b27-a2b31e99635e,scraps.cx,available,18.99,18.99,high,low,6,namesilo,,,01/10/2026 02:13
42744800-a9e2-4780-a1c1-2da309eb1e21,sneaker.cx,available,18.99,18.99,high,low,7,namesilo,,,11/08/2026 16:16
46ffea46-decc-4415-b1cd-3cb14a981636,memorably.cx,available,18.99,18.99,high,low,9,namesilo,,,15/09/2026 14:01
80546bae-bea9-4401-9ac3-8b3ee3c8c059,intoxicating.cx,available,18.99,18.99,high,low,12,namesilo,,,01/10/2026 22:34
0c217c0f-a3ad-4a9d-9aec-70e053c55782,neodymium.cx,available,18.99,18.99,medium,low,9,namesilo,,,20/09/2026 23:22
bd90b0e6-18f4-4956-9082-f2127ef91e3b,cabs.cx,available,18.99,18.99,medium,low,4,namesilo,,,02/10/2026 03:57
cdc51b53-f8eb-4adb-aa4c-454fd8142670,inapt.cx,available,18.99,18.99,medium,low,5,namesilo,,,21/08/2026 18:51
d4b5a872-541d-4b9d-96ae-60e0979ace54,forearm.cx,available,16.53,16.75,high,low,7,porkbun,,,30/09/2026 01:41
e781329e-3286-4c96-8135-44860fc2ef8e,ulterior.cx,available,18.99,18.99,medium,low,8,namesilo,,,22/08/2026 20:32
d9a87c0c-88af-40b0-b5e4-ad41082f36cc,mesmerised.cx,available,18.99,18.99,medium,low,10,namesilo,,,17/08/2026 22:52
6a02d9f9-882e-4a1f-a4ce-7145c0cd1eb8,ghosh.cx,available,18.99,18.99,medium,low,5,namesilo,,,29/09/2026 15:46
d9b93722-fa3a-4aa3-9aa6-65538efd2f60,venture.cx,resell,,,high,medium,7,CentralNic Ltd,22/05/2024 16:09,22/05/2027 16:09,29/09/2026 06:12
d8c22e2d-3ad2-4b5e-9481-ca0cf0914534,wardrobe.cx,available,18.99,18.99,high,low,8,namesilo,,,28/09/2026 06:52
8371773a-06b8-4bd0-b2f5-0e16fcffe00c,shanahan.cx,available,18.99,18.99,medium,low,8,namesilo,,,02/10/2026 12:38
16b4abb2-b39b-47b5-8e96-aad59b304740,glendale.cx,available,19.98,26.98,high,low,8,namecheap,,,01/10/2026 10:33
99a52064-c784-4339-aa0a-6f021e83c8c0,betray.cx,available,18.99,18.99,medium,low,6,namesilo,,,28/09/2026 13:49
95201315-645e-406e-bf81-1c4356494f29,romaic.cx,available,19.98,26.98,high,low,6,namecheap,,,09/09/2026 18:25
1bc6ac51-dea1-438c-a4c3-4c8490889c65,servicing.cx,available,19.98,26.98,high,low,9,namecheap,,,01/10/2026 21:38
9d6e6e17-e28c-4a0c-8c66-b9fbc992001b,innovate.cx,resell,,,high,low,8,CentralNic Ltd,14/09/2025 00:21,14/09/2027 00:21,03/10/2026 05:43
d6f95720-dde2-4d49-96f9-55a6d84e196f,ebook.cx,available,18.99,18.99,high,low,6,namesilo,,,01/10/2026 04:46
4967e49a-13f2-49a2-a998-b22b94eec219,immigration.cx,available,18.99,18.99,high,low,11,namesilo,,,28/09/2026 17:22
be2e1183-94af-47be-bdf9-05f58201bbb4,borodin.cx,available,18.99,18.99,high,low,7,namesilo,,,18/09/2026 05:02
cc9ea0a3-47bb-4b8d-a350-161884021216,mormons.cx,available,16.53,16.75,high,low,7,porkbun,,,02/10/2026 04:22
7030331d-e9c5-4462-b567-f66e44459ae4,maintain.cx,available,18.99,18.99,high,low,8,namesilo,,,29/09/2026 22:52
ccd4131a-a2fe-4c88-adc4-86fff9d21331,santiago.cx,available,18.99,18.99,high,low,8,namesilo,,,28/09/2026 13:37
89cb23bf-5ff0-4693-b96e-856bae357c4a,liqueur.cx,available,18.99,18.99,high,low,7,namesilo,,,13/08/2026 01:02
11b6df80-765f-4f01-9037-20d4579704f0,ldp.cx,available,18.99,18.99,high,low,3,namesilo,,,30/09/2026 03:15
6b7e5df8-34e7-4f81-9aab-596677f4ee7b,belts.cx,available,17.66,17.66,medium,low,5,dynadot,,,28/09/2026 09:04
51dd7265-5e20-4ab7-983a-911fb04db30d,achillea.cx,available,18.99,18.99,medium,low,8,namesilo,,,17/09/2026 00:35